Item_ID,Item_Name,Category,Jan_Demand,Feb_Demand,Mar_Demand,Apr_Demand,May_Demand,Jun_Demand,Jul_Demand,Aug_Demand,Sep_Demand,Oct_Demand,Nov_Demand,Dec_Demand,Total_Annual_Units,Price_Per_Unit,Total_Sales_Value
ITM_001,Surface Near,Grocery,4516,4069,4664,4653,4508,4125,4669,4210,4824,4497,4259,4782,53776,10,537760
ITM_002,Central Him,Grocery,4792,4964,4628,4660,4897,5015,4805,4686,4896,4536,4520,5054,57453,100,5745300
ITM_003,Win Everyone,Apparel,61,175,38,43,15,161,224,41,387,340,70,21,1576,2,3152
ITM_004,Task Save,Apparel,1145,1113,717,832,783,954,1047,894,994,978,1136,712,11305,2,22610
ITM_005,Hotel Teacher,Grocery,1494,2051,1400,1918,1669,1733,1695,1560,1679,1381,1591,1662,19833,10,198330
ITM_006,Special Strategy,Grocery,1786,2201,2197,2234,1948,2085,2326,1960,2299,2494,1813,2017,25360,2,50720
ITM_007,Memory Expert,Apparel,808,531,542,851,955,782,483,859,464,454,967,468,8164,2,16328
ITM_008,About No,Toys,328,294,298,297,306,294,272,274,306,286,291,297,3543,2,7086
ITM_009,After Finally,Grocery,1335,1601,1238,1134,1442,1551,1301,1128,1167,1353,1645,1480,16375,10,163750
ITM_010,Require Goal,Electronics,82,83,74,72,83,108,80,88,76,93,85,91,1015,2,2030
ITM_011,Water Hair,Grocery,3481,3407,3105,3339,3384,3175,3524,3643,3570,3514,3066,3087,40295,500,20147500
ITM_012,Yet Save,Grocery,3415,3194,3363,3188,3503,3828,3294,3647,3538,3663,3585,3352,41570,2,83140
ITM_013,Strong Thing,Electronics,277,292,311,304,282,278,336,316,296,313,309,335,3649,50,182450
ITM_014,Whole Interest,Apparel,469,558,587,454,377,278,624,89,301,396,251,629,5013,2,10026
ITM_015,Movie Give,Toys,490,487,507,487,497,490,465,456,474,517,473,469,5812,100,581200
ITM_016,Without Write,Grocery,2829,3018,2878,2427,2987,2597,2541,2887,2792,2821,2245,2947,32969,2,65938
ITM_017,Admit Fly,Home & Kitchen,159,168,152,171,174,143,183,162,152,148,158,177,1947,10,19470
ITM_018,Color New,Apparel,449,269,382,104,37,210,257,409,239,170,64,404,2994,10,29940
ITM_019,Affect Some,Grocery,3875,3473,3437,3756,4021,3596,3812,3989,3989,3635,3857,4244,45684,100,4568400
ITM_020,Particular Election,Apparel,148,24,235,76,268,19,123,171,162,386,157,51,1820,10,18200
ITM_021,Scene Detail,Grocery,3320,3246,3488,3297,2719,3096,3124,2973,3264,3279,3582,2952,38340,2,76680
ITM_022,Road Store,Electronics,458,456,505,522,516,464,473,541,508,522,477,461,5903,500,2951500
ITM_023,Hand Sea,Grocery,1510,1620,1741,1708,1432,1739,1835,2063,1718,1557,1764,1378,20065,2,40130
ITM_024,Model Traditional,Electronics,123,109,123,124,139,143,140,122,110,126,136,140,1535,10,15350
ITM_025,Get Especially,Grocery,968,1246,1270,1481,1313,1066,1480,1346,958,1152,853,1362,14495,10,144950
ITM_026,Management Perhaps,Toys,410,375,392,406,387,390,397,433,404,396,413,444,4847,10,48470
ITM_027,Program Pay,Grocery,3016,2727,2746,2880,2881,2833,2674,2667,2816,2974,2765,2956,33935,100,3393500
ITM_028,Month Trouble,Grocery,1881,2072,2399,2199,2434,2439,2860,2334,2367,2234,2120,2604,27943,50,1397150
ITM_029,Ever Amount,Apparel,504,69,652,504,406,514,93,273,365,604,663,594,5241,10,52410
ITM_030,Best Recently,Grocery,3692,3884,3576,3927,3557,4023,3784,3709,3740,4050,3800,3953,45695,2,91390
ITM_031,Attorney Anything,Grocery,1045,1321,1217,1313,1356,1386,949,1280,1136,767,1158,979,13907,10,139070
ITM_032,Without Certainly,Grocery,1320,804,666,853,1307,1026,875,1005,894,1179,1077,847,11853,2,23706
ITM_033,Hear Leave,Grocery,2906,2662,2691,3216,2637,3068,3159,2626,3148,2786,3045,2778,34722,100,3472200
ITM_034,Fight Quickly,Apparel,981,728,654,842,638,722,691,731,717,643,788,932,9067,2,18134
ITM_035,Record Everyone,Apparel,803,919,824,1240,1246,1022,1222,810,1258,1212,677,789,12022,100,1202200
ITM_036,Standard Air,Grocery,4706,4925,4505,4755,4656,4689,4657,4697,4699,4773,4865,4631,56558,2,113116
ITM_037,Property Economy,Grocery,2574,1779,1994,2135,2258,1984,2394,2243,2376,2439,1987,2001,26164,50,1308200
ITM_038,Top Congress,Apparel,816,1080,1007,1017,1094,789,776,766,786,1036,718,1078,10963,10,109630
ITM_039,Where Difficult,Grocery,4560,4593,4992,4782,4794,4821,4449,4386,4419,4854,4568,4530,55748,2,111496
ITM_040,Occur Anything,Grocery,1826,1618,1858,1519,1936,1626,1470,1743,2323,1612,2023,1443,20997,2,41994
ITM_041,Allow Land,Grocery,1978,1771,1497,1877,2137,1921,1911,1981,1917,1786,2055,1775,22606,100,2260600
ITM_042,Understand Special,Apparel,435,441,603,738,913,961,423,696,494,679,499,596,7478,10,74780
ITM_043,Loss Nation,Toys,233,251,244,262,255,254,233,263,258,285,241,258,3037,2,6074
ITM_044,Task Action,Grocery,3805,4042,3563,3915,3966,4032,3937,4058,4350,3882,3893,3639,47082,10,470820
ITM_045,Most Better,Grocery,2130,2437,2216,2691,2284,2608,2705,2640,2471,2424,2578,2626,29810,50,1490500
ITM_046,Ahead Successful,Grocery,3357,3753,3193,3244,3456,3278,3744,3211,3311,3462,3587,3616,41212,10,412120
ITM_047,Suffer Short,Apparel,734,1086,877,774,559,813,730,808,596,786,1107,906,9776,100,977600
ITM_048,Group Important,Apparel,505,723,214,694,422,439,743,254,231,486,660,749,6120,2,12240
ITM_049,Figure Machine,Apparel,822,729,1175,1199,948,1087,768,751,1073,728,1039,849,11168,50,558400
ITM_050,Apply Trouble,Apparel,668,845,1008,1202,1015,992,959,727,903,1233,804,1214,11570,10,115700
ITM_051,Understand Feel,Apparel,674,450,217,597,373,455,720,300,319,489,422,227,5243,10,52430
ITM_052,From Big,Home & Kitchen,186,191,201,196,192,205,185,209,194,193,189,180,2321,10,23210
ITM_053,Early Best,Grocery,1321,1171,1390,972,1224,1652,1333,995,1003,991,1269,1595,14916,2,29832
ITM_054,Five Work,Electronics,403,394,399,386,396,432,376,386,382,353,398,353,4658,10,46580
ITM_055,Phone Section,Apparel,52,383,4,39,431,374,372,60,126,108,393,462,2804,2,5608
ITM_056,Reach Garden,Apparel,1190,1200,1197,684,761,937,669,1002,994,1053,943,692,11322,2,22644
ITM_057,Plan Town,Apparel,639,816,688,689,851,997,726,746,647,793,1122,1014,9728,50,486400
ITM_058,Onto Partner,Toys,254,243,222,235,251,226,222,239,239,238,228,253,2850,100,285000
ITM_059,Sort Television,Electronics,392,371,359,392,398,378,361,386,399,365,403,369,4573,50,228650
ITM_060,First Beautiful,Grocery,1268,1565,1676,1221,1234,1228,1535,1744,1455,1342,1461,1494,17223,2,34446
ITM_061,There Others,Apparel,254,20,308,399,156,193,213,404,521,311,540,489,3808,2,7616
ITM_062,Picture Forward,Grocery,1413,1642,1571,1684,1569,1954,1409,1750,1685,1718,1676,1742,19813,2,39626
ITM_063,Meet Place,Electronics,260,278,254,263,280,283,268,283,254,245,261,241,3170,100,317000
ITM_064,Laugh Carry,Electronics,299,281,278,344,308,281,300,309,307,307,283,283,3580,100,358000
ITM_065,My Protect,Apparel,368,327,9,32,282,82,29,406,89,76,129,183,2012,50,100600
ITM_066,Brother Popular,Apparel,938,902,1039,1056,787,1016,1112,945,976,1073,1178,625,11647,10,116470
ITM_067,Role Statement,Home & Kitchen,442,494,451,458,468,446,459,439,466,499,497,476,5595,10,55950
ITM_068,Allow Those,Apparel,1022,1119,744,872,858,697,847,879,827,735,834,1219,10653,50,532650
ITM_069,Total When,Electronics,484,492,454,466,453,496,437,490,487,501,517,440,5717,10,57170
ITM_070,Defense Seat,Grocery,3085,3240,3287,2756,3255,3514,3517,3004,3307,3190,3135,3303,38593,50,1929650
ITM_071,Past Building,Apparel,870,660,796,491,629,624,706,456,920,683,451,474,7760,2,15520
ITM_072,Boy A,Grocery,4906,4568,4784,4726,4838,4423,4877,5036,4633,4617,4824,4599,56831,100,5683100
ITM_073,Would Speak,Home & Kitchen,283,279,257,294,299,295,267,288,283,302,279,306,3432,2,6864
ITM_074,Tax Create,Apparel,430,624,281,490,638,522,498,482,289,472,333,247,5306,10,53060
ITM_075,Might Every,Electronics,485,507,536,524,504,485,492,529,493,488,481,468,5992,2,11984
ITM_076,Born Property,Apparel,786,542,622,532,693,1093,885,648,667,677,1033,1101,9279,2,18558
ITM_077,Tough Stay,Grocery,3467,3364,3572,3208,3686,3264,3349,3554,3293,3594,3750,3368,41469,50,2073450
ITM_078,Benefit West,Apparel,476,357,176,304,119,172,499,148,270,236,585,635,3977,100,397700
ITM_079,Show Performance,Apparel,1109,805,869,619,676,724,822,604,974,756,689,784,9431,50,471550
ITM_080,Thank Determine,Grocery,1745,1349,1730,1705,1643,1418,1355,1623,1641,1763,1812,1729,19513,100,1951300
ITM_081,Across Artist,Home & Kitchen,44,42,45,50,56,51,50,47,50,47,50,49,581,10,5810
ITM_082,Spring Believe,Apparel,132,134,467,375,443,346,81,92,269,113,216,460,3128,10,31280
ITM_083,Community Marriage,Apparel,281,203,28,408,266,33,12,116,128,430,253,84,2242,2,4484
ITM_084,Maintain Leader,Toys,274,280,302,269,276,295,285,288,270,277,270,285,3371,50,168550
ITM_085,Learn Significant,Apparel,970,676,515,1056,1046,728,560,929,947,859,844,812,9942,2,19884
ITM_086,Part Treatment,Grocery,1226,1079,1142,844,943,1385,1037,553,1119,837,1324,1177,12666,2,25332
ITM_087,Dark Character,Grocery,2091,2013,1971,1823,1790,2012,2012,2150,2303,2379,2013,1836,24393,50,1219650
ITM_088,Organization Step,Grocery,3635,3993,3793,3996,3632,3837,3815,3841,3602,3873,3675,3554,45246,100,4524600
ITM_089,Mother Pass,Grocery,3998,4324,4433,4439,4103,4373,4292,4281,4142,4209,3973,4377,50944,10,509440
ITM_090,Rich Its,Home & Kitchen,355,409,363,361,380,416,401,380,387,414,389,382,4637,2,9274
ITM_091,Several Run,Apparel,191,313,448,69,336,42,105,73,258,115,613,77,2640,10,26400
ITM_092,Production Treatment,Apparel,343,226,565,683,658,326,316,389,718,358,712,597,5891,500,2945500
ITM_093,Company Even,Toys,468,479,480,433,477,459,511,486,462,506,463,459,5683,2,11366
ITM_094,Data However,Apparel,529,725,222,211,744,695,544,404,549,764,646,534,6567,2,13134
ITM_095,Growth Yes,Grocery,2685,2636,2428,2648,2897,2651,2794,2928,2791,2813,2585,2680,32536,10,325360
ITM_096,National Air,Grocery,3122,3065,3026,3327,2953,3264,2811,2916,3337,3320,2886,3129,37156,2,74312
ITM_097,Yeah Around,Electronics,309,289,353,330,307,321,306,340,320,337,347,298,3857,10,38570
ITM_098,Whether Sell,Grocery,3989,4025,3564,4293,3449,3661,3692,4119,3358,3507,3384,3915,44956,2,89912
ITM_099,Specific Work,Grocery,4708,4490,4114,4660,4199,4482,4714,4624,4188,4421,4475,4768,53843,10,538430
ITM_100,Military Understand,Grocery,3898,3208,3882,3726,3453,3710,3201,3862,3544,3562,3839,3977,43862,500,21931000
ITM_101,Charge Rest,Grocery,3995,4254,4061,3793,3795,4204,4086,3804,4038,4122,4082,4168,48402,2,96804
ITM_102,Marriage Throw,Grocery,944,1004,999,1035,1503,1066,1103,1484,1233,1216,1070,848,13505,100,1350500
ITM_103,Seven Mother,Apparel,258,527,640,448,729,813,393,221,588,428,252,507,5804,100,580400
ITM_104,White Itself,Grocery,3140,3233,2908,3515,2733,3111,2801,3323,3108,3238,3031,3170,37311,2,74622
ITM_105,Last Many,Home & Kitchen,286,255,287,280,232,266,247,269,251,247,241,257,3118,10,31180
ITM_106,Say Base,Electronics,379,347,355,373,360,353,389,375,391,352,378,403,4455,10,44550
ITM_107,Home Open,Grocery,1450,1596,1694,1678,1404,1495,1304,1712,1697,1301,1735,1734,18800,50,940000
ITM_108,Occur Food,Home & Kitchen,225,227,217,236,220,221,240,245,228,260,239,217,2775,2,5550
ITM_109,Two How,Grocery,1470,1807,1718,1748,2132,1966,1868,1479,1711,1590,2017,1666,21172,2,42344
ITM_110,Leader Evening,Electronics,442,494,438,471,469,487,463,442,492,512,488,491,5689,10,56890
ITM_111,Be Happen,Electronics,234,231,239,262,268,270,254,265,262,248,245,275,3053,10,30530
ITM_112,Artist It,Home & Kitchen,111,119,85,102,95,97,101,113,101,87,95,80,1186,2,2372
ITM_113,More Than,Grocery,2078,2624,1847,1914,2205,2348,2204,2247,2026,2528,1876,1925,25822,10,258220
ITM_114,Level Everything,Home & Kitchen,154,173,162,157,157,165,137,165,157,163,156,180,1926,50,96300
ITM_115,Few Think,Apparel,781,701,684,511,705,718,717,467,618,481,630,866,7879,1000,7879000
ITM_116,Customer Stage,Apparel,35,330,19,405,345,286,280,104,153,209,12,181,2359,10,23590
ITM_117,Hotel Last,Electronics,399,397,375,383,381,406,370,399,371,408,399,437,4725,10,47250
ITM_118,List Long,Grocery,4459,4665,4334,4494,4528,4418,4052,4327,4209,4185,4276,4456,52403,10,524030
ITM_119,Picture Yard,Apparel,504,550,492,276,276,30,510,548,306,320,586,26,4424,10,44240
ITM_120,Us Benefit,Toys,234,297,242,226,270,246,232,231,246,233,259,234,2950,2,5900
ITM_121,Nearly Travel,Toys,343,357,337,303,363,332,344,342,316,327,296,352,4012,10,40120
ITM_122,Alone National,Grocery,2947,3353,3242,3432,2937,3609,2941,2672,3198,3486,3199,2806,37822,10,378220
ITM_123,One Concern,Toys,265,246,216,273,275,271,262,257,269,248,253,234,3069,10,30690
ITM_124,Issue Country,Grocery,2824,3453,3313,3313,3285,3517,3369,3207,3378,3310,3397,3576,39942,100,3994200
ITM_125,Difficult Rule,Apparel,503,883,678,497,684,676,796,774,901,629,654,796,8471,100,847100
ITM_126,Summer Feel,Electronics,161,148,137,115,133,117,161,133,146,137,138,152,1678,2,3356
ITM_127,Participant Represent,Grocery,4542,4376,4689,3943,4014,4200,3841,4184,3605,4406,4250,4020,50070,2,100140
ITM_128,Anyone Able,Grocery,4944,4812,4748,4933,5011,4735,4820,4859,4830,4762,4850,4712,58016,2,116032
ITM_129,Business Since,Apparel,941,946,1038,769,710,757,618,892,715,1012,1059,1057,10514,100,1051400
ITM_130,Practice Mean,Grocery,1439,2100,1883,1764,1910,2112,1715,1932,1876,1700,2009,1794,22234,50,1111700
ITM_131,Evidence Most,Electronics,151,159,163,134,174,157,151,155,168,125,144,155,1836,100,183600
ITM_132,Dream Moment,Grocery,2456,2535,2720,2627,2927,2549,2568,2114,2630,2653,2467,2664,30910,100,3091000
ITM_133,Develop Rather,Toys,356,332,355,301,317,335,333,318,314,307,345,346,3959,2,7918
ITM_134,Student Within,Grocery,3122,3209,3264,2792,3058,2758,2843,2844,2851,3114,2887,2891,35633,2,71266
ITM_135,Sort Wide,Toys,100,105,111,113,115,109,114,108,105,95,117,117,1309,10,13090
ITM_136,Case Attention,Grocery,3121,3255,3259,2981,3442,3125,3206,3205,3553,3376,2848,2879,38250,2,76500
ITM_137,Letter Television,Home & Kitchen,263,266,297,260,294,295,261,270,251,266,275,257,3255,10,32550
ITM_138,Result Learn,Grocery,2088,2252,2051,2118,2364,2132,2302,2490,2233,2306,2288,2514,27138,10,271380
ITM_139,Piece Garden,Toys,383,348,382,391,377,376,385,347,406,377,353,384,4509,50,225450
ITM_140,Top Inside,Electronics,255,265,304,284,281,315,264,244,316,227,277,298,3330,2,6660
ITM_141,Heavy Who,Electronics,286,268,275,268,275,277,293,245,287,271,258,294,3297,2,6594
ITM_142,Fact Car,Toys,110,105,112,101,94,93,107,101,92,97,94,103,1209,2,2418
ITM_143,Half Full,Apparel,1032,615,505,709,936,884,552,904,639,1030,787,753,9346,10,93460
ITM_144,Research Born,Grocery,3109,3079,3148,3197,3623,3402,3442,3158,2983,3249,3148,3457,38995,100,3899500
ITM_145,But Affect,Grocery,2684,3070,2806,2987,2678,3099,2892,2834,2920,2855,2863,3263,34951,10,349510
ITM_146,Nothing Instead,Apparel,356,476,548,248,636,267,768,460,509,719,840,644,6471,2,12942
ITM_147,Hair Good,Grocery,4215,4896,4536,4629,4373,4948,4446,4077,4552,4211,4274,4200,53357,10,533570
ITM_148,Ask Four,Apparel,261,686,229,519,424,265,510,493,432,613,180,435,5047,10,50470
ITM_149,Heart Kind,Toys,389,419,415,407,402,442,380,439,418,414,406,407,4938,500,2469000
ITM_150,All Beat,Electronics,336,287,310,326,314,297,325,350,277,323,319,307,3771,2,7542
ITM_151,Yes Human,Grocery,4208,4414,3960,3813,4008,3947,4012,3929,3971,4022,3904,3810,47998,10,479980
ITM_152,Stay Successful,Home & Kitchen,429,470,425,469,426,442,415,447,400,450,442,427,5242,500,2621000
ITM_153,Their In,Apparel,329,476,259,263,470,138,74,291,112,336,321,341,3410,2,6820
ITM_154,Recent City,Grocery,2778,2255,2824,3109,2539,2558,2680,2594,3005,2835,2757,2607,32541,2,65082
ITM_155,Win Cell,Electronics,399,362,404,415,374,422,383,412,387,386,424,378,4746,10,47460
ITM_156,Rest Control,Grocery,2594,2517,2810,1938,2349,2288,2138,2311,2307,2477,2543,2294,28566,10,285660
ITM_157,Attorney These,Grocery,4420,4525,3938,4375,4477,4216,4435,4532,4391,4406,4498,4201,52414,10,524140
ITM_158,One Blue,Grocery,2753,2588,2764,2963,2724,2851,2684,2710,2765,2957,2680,3265,33704,50,1685200
ITM_159,Land Least,Home & Kitchen,332,293,323,317,304,334,345,307,316,295,302,299,3767,2,7534
ITM_160,She I,Home & Kitchen,223,212,195,197,226,191,181,201,197,182,202,219,2426,10,24260
ITM_161,Will Watch,Grocery,1551,1174,1023,1262,1223,1177,1179,1029,1348,958,1190,1306,14420,10,144200
ITM_162,Us Box,Apparel,36,365,419,378,282,206,214,283,144,63,214,462,3066,2,6132
ITM_163,Measure Work,Grocery,5276,4885,4999,4558,4810,4857,4956,4686,5053,4956,5107,4748,58891,2,117782
ITM_164,Start Couple,Grocery,1886,1871,2209,2084,2122,2307,2174,1982,2137,2200,2395,2187,25554,2,51108
ITM_165,Successful Heavy,Grocery,4158,4272,4147,4005,3791,4240,4271,4020,4055,4317,3842,4581,49699,50,2484950
ITM_166,Trouble Today,Apparel,179,328,466,300,618,233,120,475,410,110,247,299,3785,2,7570
ITM_167,History Within,Home & Kitchen,48,69,62,56,56,73,55,61,61,68,75,67,751,10,7510
ITM_168,Customer Method,Electronics,146,161,152,127,140,166,150,161,193,151,154,153,1854,2,3708
ITM_169,Material Vote,Grocery,4871,4994,4740,4958,4428,4889,4754,4672,4477,4544,4553,4982,56862,500,28431000
ITM_170,Action Key,Grocery,1514,1843,2114,1927,1488,1771,1514,1516,1441,1252,1794,1732,19906,10,199060
ITM_171,Fear Service,Electronics,158,178,173,174,162,179,185,190,175,180,197,201,2152,500,1076000
ITM_172,Social Often,Grocery,3299,3572,3571,3454,3037,3755,3183,3465,3608,3323,3241,3556,41064,10,410640
ITM_173,Between Natural,Electronics,234,226,253,273,259,254,267,243,276,264,263,271,3083,10,30830
ITM_174,Character Street,Apparel,534,858,875,487,865,520,558,665,973,545,688,650,8218,2,16436
ITM_175,Head Fill,Home & Kitchen,239,257,255,263,248,257,228,273,246,243,219,241,2969,10,29690
ITM_176,Once Among,Home & Kitchen,228,234,239,233,218,218,244,250,227,202,246,231,2770,10,27700
ITM_177,Carry Arrive,Grocery,5214,4788,4879,4769,5085,4879,4878,4885,4591,5006,4900,4860,58734,10,587340
ITM_178,Investment Agreement,Electronics,63,63,59,72,55,65,60,59,59,61,75,65,756,2,1512
ITM_179,Land Foreign,Grocery,1124,640,1113,1202,1456,1239,1199,1501,1579,970,1455,1292,14770,10,147700
ITM_180,Money Never,Grocery,2301,2533,2181,2241,2566,2237,2296,2207,2219,2499,1945,2658,27883,2,55766
ITM_181,Tv Top,Grocery,4590,4640,4348,4525,4771,4889,4665,4640,4377,4517,4638,4592,55192,2,110384
ITM_182,Others Get,Toys,493,515,509,493,501,436,526,504,508,509,525,528,6047,2,12094
ITM_183,Cover Brother,Grocery,1373,1797,1447,1631,1717,1642,1752,1339,1861,1729,1791,1643,19722,1000,19722000
ITM_184,Me Sing,Electronics,483,441,473,484,476,469,433,463,477,464,519,459,5641,2,11282
ITM_185,Land Positive,Apparel,136,248,616,705,337,367,615,288,124,194,679,369,4678,2,9356
ITM_186,Indeed Floor,Apparel,798,402,595,709,347,597,555,622,849,451,581,342,6848,2,13696
ITM_187,Lay Cut,Apparel,874,487,685,980,970,1018,863,468,487,704,670,791,8997,2,17994
ITM_188,Notice Remain,Electronics,134,147,137,121,115,141,142,130,138,129,140,134,1608,10,16080
ITM_189,Avoid Part,Toys,385,386,383,405,403,380,395,417,362,384,371,389,4660,50,233000
ITM_190,Your While,Grocery,1520,1165,1367,1279,1338,1102,1354,1304,1263,1389,1284,1573,15938,50,796900
ITM_191,Soon Sell,Apparel,563,699,208,430,263,521,448,331,381,267,437,435,4983,50,249150
ITM_192,Hand Daughter,Apparel,503,264,490,209,174,311,88,611,412,82,39,395,3578,10,35780
ITM_193,Appear Author,Electronics,116,130,111,109,84,101,134,105,120,100,128,130,1368,10,13680
ITM_194,First Establish,Grocery,2690,2735,2806,2961,2653,2352,2693,3189,2801,2679,2579,2709,32847,2,65694
ITM_195,Chance Benefit,Electronics,250,262,248,272,244,262,250,250,262,254,262,257,3073,100,307300
ITM_196,Institution Others,Electronics,271,273,312,282,283,290,293,292,292,277,263,281,3409,10,34090
ITM_197,Stay Case,Grocery,1946,1732,2004,1927,2152,1514,1562,1984,2068,1615,1826,1784,22114,10,221140
ITM_198,Buy Media,Grocery,2986,3291,3494,3433,3595,3386,3468,3308,3541,3131,3269,3179,40081,100,4008100
ITM_199,Trip Sense,Apparel,615,288,281,441,274,260,381,613,560,373,544,604,5234,100,523400
ITM_200,House Away,Grocery,4309,4299,4517,4441,4203,4201,4534,4264,4442,4680,4302,4337,52529,2,105058
ITM_201,While Energy,Apparel,302,71,310,440,333,307,213,3,373,250,234,259,3095,2,6190
ITM_202,Meet Fly,Grocery,3399,3002,3647,3619,3574,3532,3385,3411,3563,3303,3509,3693,41637,10,416370
ITM_203,Stage Including,Grocery,4057,3727,4223,4017,4308,4041,4104,4136,4179,3994,4087,3625,48498,50,2424900
ITM_204,Democratic Painting,Toys,487,507,499,497,502,503,463,496,485,480,510,479,5908,2,11816
ITM_205,Event Major,Home & Kitchen,320,292,327,278,308,293,293,306,294,262,283,301,3557,50,177850
ITM_206,Baby Certain,Electronics,435,404,398,394,420,406,395,433,414,429,371,385,4884,2,9768
ITM_207,Identify Especially,Electronics,129,107,111,124,129,119,129,120,144,97,130,111,1450,50,72500
ITM_208,Area Represent,Toys,111,137,107,104,99,107,105,73,101,95,86,108,1233,2,2466
ITM_209,Wrong Strong,Grocery,3463,3295,3591,3412,2965,3681,3582,3299,3292,3596,3698,3439,41313,10,413130
ITM_210,Position Describe,Electronics,309,306,308,332,324,311,286,300,318,323,301,326,3744,2,7488
ITM_211,Fund Raise,Apparel,336,695,602,287,517,813,304,517,377,438,429,371,5686,10,56860
ITM_212,Range Certainly,Apparel,321,150,190,33,129,181,248,96,146,157,27,145,1823,2,3646
ITM_213,Draw Clear,Grocery,5123,4889,5033,5154,4998,4705,4860,4910,4892,4770,4856,5068,59258,2,118516
ITM_214,Forward Matter,Grocery,910,1221,800,1117,1099,601,906,1272,914,1209,1263,1023,12335,10,123350
ITM_215,Wind Sing,Apparel,695,787,1191,1087,1114,951,794,742,1207,1232,1087,700,11587,2,23174
ITM_216,Red Before,Home & Kitchen,473,438,497,491,421,489,443,473,465,491,476,465,5622,10,56220
ITM_217,Certain Say,Grocery,4115,4125,4670,4338,4743,4373,4398,4252,4300,4401,4395,4260,52370,10,523700
ITM_218,Themselves Like,Grocery,2269,2740,2283,2554,2599,2716,2811,2336,2156,2470,2348,2636,29918,500,14959000
ITM_219,Lay Building,Grocery,5132,5001,5044,5171,4899,4962,4896,5150,4804,4854,4874,5180,59967,100,5996700
ITM_220,Specific Style,Grocery,4367,3931,4490,4466,4370,4100,4302,4069,4230,4153,4421,4079,50978,50,2548900
ITM_221,Past Somebody,Toys,71,63,74,70,73,60,63,55,64,70,77,84,824,100,82400
ITM_222,Prepare Full,Home & Kitchen,330,348,266,312,324,330,278,338,333,341,335,322,3857,10,38570
ITM_223,Baby Only,Grocery,2863,2740,2548,2619,2401,2815,2427,2566,2811,2522,2741,2620,31673,2,63346
ITM_224,Home Way,Electronics,388,399,388,429,409,419,407,443,424,402,396,461,4965,100,496500
ITM_225,Commercial Author,Apparel,389,409,286,218,129,91,239,15,369,48,119,138,2450,100,245000
ITM_226,These Recently,Toys,338,382,382,364,391,372,380,377,400,378,376,347,4487,2,8974
ITM_227,Involve Car,Electronics,225,249,246,242,214,242,209,242,245,222,245,235,2816,2,5632
ITM_228,Him Mr,Apparel,556,619,694,648,498,908,684,959,830,937,703,577,8613,500,4306500
ITM_229,Product Clear,Electronics,165,162,163,160,182,155,175,177,161,151,184,161,1996,50,99800
ITM_230,Region Go,Apparel,478,539,454,394,300,570,566,329,137,652,655,552,5626,2,11252
ITM_231,Special Boy,Apparel,643,1108,741,665,1076,873,888,1004,869,1027,987,650,10531,10,105310
ITM_232,Executive Ground,Electronics,372,353,335,360,344,368,355,353,333,327,342,366,4208,10,42080
ITM_233,General Art,Grocery,3836,4246,3947,3464,3799,3731,3767,3810,3611,3872,3846,3972,45901,50,2295050
ITM_234,Better Plant,Grocery,2533,2415,2407,2549,2563,2446,2338,2213,2535,2466,2439,2260,29164,2,58328
ITM_235,Type Box,Grocery,3798,4095,4051,3595,4091,3950,4129,3754,3995,4060,3613,4158,47289,2,94578
ITM_236,Test Whole,Apparel,244,158,316,13,403,15,481,398,399,419,279,313,3438,500,1719000
ITM_237,Start Concern,Apparel,549,511,104,615,308,436,631,290,51,589,603,424,5111,10,51110
ITM_238,Effect Certainly,Grocery,2869,2380,2673,2364,2502,2665,2447,2453,2794,2548,2264,2734,30693,500,15346500
ITM_239,Every Successful,Apparel,616,739,832,698,844,594,858,400,516,663,766,484,8010,50,400500
ITM_240,Morning Budget,Electronics,208,162,182,182,161,177,198,194,197,197,163,177,2198,2,4396
ITM_241,If Picture,Apparel,574,541,645,80,398,596,323,645,478,438,310,554,5582,2,11164
ITM_242,Image None,Electronics,89,88,121,87,86,111,79,107,84,98,95,100,1145,2,2290
ITM_243,Character Food,Home & Kitchen,188,199,194,199,170,180,196,201,188,178,179,188,2260,2,4520
ITM_244,Recent Expert,Grocery,2001,2706,2540,2562,2598,2447,2564,2625,2655,2658,2288,2362,30006,2,60012
ITM_245,Field Blue,Home & Kitchen,139,148,163,151,134,139,136,147,139,152,146,144,1738,50,86900
ITM_246,Attack Of,Home & Kitchen,123,116,114,118,127,108,108,122,118,106,120,125,1405,50,70250
ITM_247,Control Analysis,Apparel,459,400,704,764,712,617,355,439,476,229,557,444,6156,100,615600
ITM_248,Radio Could,Apparel,814,389,460,465,246,464,342,489,462,273,383,417,5204,10,52040
ITM_249,Will How,Grocery,3473,3864,3446,3792,3779,3659,3557,4028,3632,3593,3742,3564,44129,100,4412900
ITM_250,Choose Letter,Grocery,3323,3272,3531,3242,2967,3362,3107,3330,3300,3113,2985,3466,38998,50,1949900
ITM_251,Both Prevent,Toys,505,532,455,492,472,437,474,479,465,475,481,466,5733,2,11466
ITM_252,Dog Population,Toys,338,298,307,349,307,337,365,346,336,325,306,341,3955,10,39550
ITM_253,Produce Win,Grocery,3476,3942,3829,3824,3620,3628,4033,4109,3329,3807,3820,3628,45045,100,4504500
ITM_254,Network Myself,Electronics,364,384,344,383,346,371,361,403,372,381,423,402,4534,10,45340
ITM_255,Example Far,Apparel,259,111,346,306,82,401,29,417,248,111,61,333,2704,2,5408
ITM_256,Check Section,Apparel,594,300,398,523,300,474,409,681,588,652,276,504,5699,100,569900
ITM_257,Movement Civil,Electronics,238,241,267,268,292,252,288,250,260,254,249,248,3107,2,6214
ITM_258,Present Audience,Grocery,3760,4151,4221,3939,3943,3996,3789,4197,3730,4091,3772,4024,47613,10,476130
ITM_259,Case Knowledge,Grocery,2776,2640,2499,2946,2737,2794,2763,2789,2689,2793,2891,2950,33267,2,66534
ITM_260,Around Their,Grocery,2697,2663,2740,3121,3163,3144,2832,3005,2747,2609,2994,3030,34745,50,1737250
ITM_261,Top His,Electronics,416,456,450,451,489,456,462,444,440,447,465,479,5455,2,10910
ITM_262,Chair Such,Apparel,536,790,886,757,594,787,703,402,727,473,793,830,8278,2,16556
ITM_263,Natural Beyond,Electronics,136,127,116,138,141,128,158,123,129,144,140,141,1621,100,162100
ITM_264,Pass North,Grocery,2308,2614,2583,2090,2678,2251,2824,2384,2384,2308,2180,2279,28883,100,2888300
ITM_265,Look Drop,Home & Kitchen,189,197,177,206,191,184,204,198,212,189,209,167,2323,2,4646
ITM_266,Mind Unit,Home & Kitchen,144,156,146,154,163,149,149,142,155,157,139,148,1802,100,180200
ITM_267,Character Life,Apparel,387,481,259,394,688,473,273,318,666,617,195,588,5339,10,53390
ITM_268,The Case,Home & Kitchen,371,319,385,345,367,336,329,353,375,390,328,324,4222,2,8444
ITM_269,Work Value,Apparel,396,140,537,193,550,358,58,569,153,498,319,632,4403,2,8806
ITM_270,Approach Involve,Grocery,1083,926,967,1356,1060,878,1173,1274,728,1209,1313,508,12475,10,124750
ITM_271,Tend Hand,Grocery,2295,2404,2555,2592,2407,2094,2110,2384,2644,2476,2246,2614,28821,2,57642
ITM_272,Language Up,Apparel,876,982,680,712,953,759,975,550,936,804,696,830,9753,10,97530
ITM_273,Kind Thousand,Toys,343,272,305,303,306,323,324,334,321,377,295,307,3810,50,190500
ITM_274,Whose Debate,Grocery,2693,2095,2551,2427,2157,2451,2450,2523,2262,2567,2209,2090,28475,10,284750
ITM_275,Bank Parent,Home & Kitchen,59,66,74,78,66,76,75,86,64,84,70,72,870,10,8700
ITM_276,Station Perhaps,Home & Kitchen,271,301,302,303,256,281,303,272,288,277,289,282,3425,10,34250
ITM_277,Such Fight,Home & Kitchen,362,367,314,363,389,343,340,381,360,362,404,339,4324,2,8648
ITM_278,Dog Begin,Toys,83,78,70,80,75,81,63,49,74,61,86,59,859,2,1718
ITM_279,Stay However,Grocery,1916,1698,1674,1620,1796,1618,1720,1415,1609,1616,1508,1692,19882,2,39764
ITM_280,According Off,Apparel,986,1247,1185,1119,707,883,837,689,813,903,1221,877,11467,500,5733500
ITM_281,Hard Money,Apparel,758,477,694,745,728,272,451,473,528,329,572,438,6465,2,12930
ITM_282,Final On,Apparel,418,347,454,55,361,130,26,57,383,429,56,256,2972,50,148600
ITM_283,List Data,Apparel,1224,763,1109,939,1033,734,1208,968,1095,954,721,742,11490,10,114900
ITM_284,Lot By,Toys,163,144,163,154,160,154,165,165,159,163,156,164,1910,2,3820
ITM_285,Account Spring,Grocery,4763,4972,4664,4657,4784,5156,4913,4545,4662,5010,4920,4768,57814,10,578140
ITM_286,Owner Economy,Grocery,2288,1607,1501,2156,1983,1887,2014,1941,1730,1667,1906,2340,23020,2,46040
ITM_287,Certain Heart,Electronics,114,115,123,87,105,103,116,111,121,120,105,119,1339,10,13390
ITM_288,Learn Keep,Apparel,983,1081,927,752,1170,654,739,1153,653,744,1163,666,10685,50,534250
ITM_289,Similar Become,Apparel,231,233,323,484,302,251,215,37,101,126,255,61,2619,500,1309500
ITM_290,Method Form,Electronics,251,266,243,277,268,260,259,250,276,255,257,235,3097,50,154850
ITM_291,Offer Individual,Grocery,1821,1804,1920,1581,1653,1407,1336,1465,1408,1564,1939,2088,19986,50,999300
ITM_292,Politics Late,Home & Kitchen,304,328,321,328,329,336,337,329,313,299,337,336,3897,2,7794
ITM_293,White Music,Grocery,4268,4188,4391,3998,4785,3749,4369,4235,4032,3738,4372,4108,50233,10,502330
ITM_294,But Run,Grocery,1814,1758,1459,1622,1419,1602,1389,1443,2227,1821,1749,1588,19891,2,39782
ITM_295,What Nearly,Toys,110,105,97,106,103,105,121,101,98,100,89,96,1231,10,12310
ITM_296,Everything Drug,Apparel,336,348,293,233,498,436,511,371,467,268,20,487,4268,2,8536
ITM_297,Drive Analysis,Grocery,4612,4706,4272,4385,4414,4455,4644,4669,4548,4435,4495,4572,54207,2,108414
ITM_298,Free Hard,Grocery,2958,3196,3009,3437,3174,3076,3453,3220,3334,3454,3220,3566,39097,100,3909700
ITM_299,Hit Affect,Grocery,1865,2075,1752,2179,2186,2440,2253,1829,1925,1847,1905,2272,24528,10,245280
ITM_300,Expect Into,Electronics,512,451,455,467,479,455,524,471,471,466,477,447,5675,2,11350
ITM_301,Move Single,Electronics,311,331,365,356,336,337,329,300,304,338,321,356,3984,2,7968
ITM_302,Southern Away,Grocery,2632,2926,2619,2677,2806,2461,2559,2549,2863,2369,2649,2713,31823,500,15911500
ITM_303,Phone Participant,Home & Kitchen,362,352,355,336,378,372,358,375,395,397,348,337,4365,10,43650
ITM_304,Traditional Camera,Electronics,179,168,165,171,190,165,177,146,149,178,182,158,2028,1000,2028000
ITM_305,Listen City,Electronics,400,411,449,426,415,396,451,402,401,368,378,411,4908,10,49080
ITM_306,Several Treat,Electronics,479,457,466,448,524,494,514,475,467,475,475,499,5773,10,57730
ITM_307,Response Despite,Electronics,359,352,377,372,372,372,360,412,389,392,385,359,4501,50,225050
ITM_308,School Leg,Grocery,1519,2133,1760,2017,1825,1764,1517,1946,1534,1799,1772,2050,21636,2,43272
ITM_309,Poor Her,Grocery,4760,4681,5224,4789,4436,4922,5136,4646,4584,4969,4685,4674,57506,10,575060
ITM_310,Apply Question,Apparel,1055,662,882,834,639,1055,639,1017,1012,967,929,698,10389,10,103890
ITM_311,Out Serve,Electronics,342,344,328,302,322,333,316,298,323,309,346,329,3892,2,7784
ITM_312,Wrong Week,Apparel,349,119,177,65,128,427,157,95,179,316,387,309,2708,2,5416
ITM_313,System Pick,Apparel,467,899,650,373,426,956,468,876,554,962,511,693,7835,2,15670
ITM_314,Unit It,Grocery,3960,4376,4281,4337,4153,4460,4177,3716,4376,4203,3732,3835,49606,100,4960600
ITM_315,The Commercial,Electronics,192,193,196,195,189,182,185,212,187,218,199,193,2341,10,23410
ITM_316,Laugh Likely,Apparel,947,1001,1022,959,862,906,688,523,632,1065,789,568,9962,50,498100
ITM_317,Address Woman,Toys,74,71,67,61,64,67,71,55,73,74,67,71,815,100,81500
ITM_318,Road Poor,Home & Kitchen,61,57,55,55,61,67,63,69,74,63,74,62,761,2,1522
ITM_319,Method Responsibility,Grocery,2231,1822,2034,1624,2264,2070,1853,1955,2551,2204,2228,2242,25078,2,50156
ITM_320,Husband Knowledge,Grocery,4476,4473,4739,4396,4714,4684,4103,4685,4202,4292,4710,4267,53741,2,107482
ITM_321,Movement Left,Grocery,1655,1130,1267,1528,1624,1241,1114,1450,1347,1369,1357,1477,16559,2,33118
ITM_322,Father Understand,Grocery,2491,1635,1626,2050,1550,1777,1906,1905,1825,1702,2236,1889,22592,2,45184
ITM_323,Give Cut,Grocery,4131,4217,4408,5003,4471,4496,4079,4289,4338,4681,4277,4420,52810,10,528100
ITM_324,Congress Artist,Grocery,1131,1296,1374,1328,1231,1373,1092,864,1151,833,1169,1065,13907,2,27814
ITM_325,Plan Field,Electronics,94,90,115,95,112,90,90,90,88,98,86,102,1150,2,2300
ITM_326,Eat Stay,Electronics,194,206,201,187,181,185,196,177,186,153,181,173,2220,100,222000
ITM_327,Run Nature,Electronics,104,105,122,90,109,101,119,93,112,102,100,113,1270,2,2540
ITM_328,Claim Moment,Apparel,709,728,1176,804,1257,1281,946,1156,1266,1230,1080,864,12497,2,24994
ITM_329,Be Help,Grocery,1704,1876,1143,1723,1539,1620,1501,1465,1507,1543,1294,1640,18555,2,37110
ITM_330,Wind Perhaps,Home & Kitchen,429,463,476,474,450,478,428,447,478,465,467,448,5503,10,55030
ITM_331,Why Owner,Electronics,250,275,297,279,285,308,280,293,260,282,289,272,3370,10,33700
ITM_332,Generation Outside,Apparel,1130,789,1156,907,765,1005,1163,811,1085,1073,1054,769,11707,500,5853500
ITM_333,Others He,Apparel,24,315,24,269,45,200,270,24,170,502,56,532,2431,50,121550
ITM_334,Head Clear,Grocery,2710,2754,2974,2766,2594,2490,2754,2789,2574,2995,2705,2738,32843,2,65686
ITM_335,Describe That,Toys,205,176,174,205,172,165,178,201,182,187,182,175,2202,10,22020
ITM_336,Month Theory,Apparel,645,774,364,398,374,438,707,580,477,277,646,337,6017,2,12034
ITM_337,Work Explain,Electronics,254,287,236,260,239,236,250,233,264,238,258,263,3018,500,1509000
ITM_338,Low Either,Electronics,238,241,226,232,249,233,231,216,239,234,226,234,2799,50,139950
ITM_339,Message Exactly,Electronics,501,461,513,457,450,443,454,474,486,453,426,433,5551,100,555100
ITM_340,Customer Yet,Grocery,4430,4570,5260,4866,5027,4904,5076,5219,4888,5189,5080,5061,59570,2,119140
ITM_341,Memory Live,Apparel,413,395,175,376,331,263,459,9,10,516,77,520,3544,50,177200
ITM_342,Type Save,Grocery,1713,1450,1684,1756,1340,1185,1831,1407,1566,1633,1531,1850,18946,2,37892
ITM_343,Discussion Class,Apparel,528,717,675,564,968,969,1029,772,753,730,1048,729,9482,2,18964
ITM_344,Trouble Sure,Grocery,4033,3927,4649,4137,4310,4658,4704,3982,4086,4116,4253,4360,51215,100,5121500
ITM_345,Most Role,Grocery,2279,2472,2209,2101,2075,2050,2109,2225,2400,2273,2209,2250,26652,2,53304
ITM_346,Raise Use,Grocery,4044,4208,4330,4401,4185,4041,4361,3835,4570,4243,4311,4444,50973,10,509730
ITM_347,Present Training,Apparel,859,672,1179,1138,1195,753,749,943,815,1201,840,1146,11490,50,574500
ITM_348,Without Sort,Grocery,2340,2002,2112,2282,1938,1899,2271,1808,2188,1973,2250,2415,25478,10,254780
ITM_349,Tv Central,Electronics,431,414,454,434,434,464,422,462,435,403,434,442,5229,2,10458
ITM_350,Pretty Level,Electronics,395,381,406,416,452,354,428,380,423,393,393,368,4789,2,9578
ITM_351,Song Yard,Toys,41,49,49,63,44,54,50,58,56,45,48,50,607,10,6070
ITM_352,Occur Help,Toys,215,219,227,239,221,202,197,199,230,212,198,215,2574,10,25740
ITM_353,With Behavior,Grocery,2161,1545,1937,1644,1799,1819,1954,1916,1913,1923,1934,1816,22361,1000,22361000
ITM_354,War Can,Electronics,68,87,81,91,60,81,93,67,82,66,80,78,934,10,9340
ITM_355,Respond Without,Electronics,398,417,392,386,424,391,397,368,394,406,379,426,4778,2,9556
ITM_356,Take House,Grocery,1745,1699,1857,1941,1809,2003,1429,1891,1384,1515,1536,1669,20478,500,10239000
ITM_357,Along Test,Grocery,3449,3816,3635,3629,3352,3656,3615,3323,3354,3765,3498,3602,42694,10,426940
ITM_358,Win Expert,Apparel,549,1037,1050,930,1090,678,813,777,969,593,662,825,9973,50,498650
ITM_359,Size Could,Home & Kitchen,126,124,135,120,125,121,112,126,135,137,128,107,1496,10,14960
ITM_360,Service Focus,Apparel,530,686,158,630,203,609,149,286,464,337,123,410,4585,2,9170
ITM_361,Serve Ready,Grocery,4715,4847,4634,4806,5023,4655,5000,5001,4872,4692,5255,5126,58626,100,5862600
ITM_362,Bill Know,Toys,334,291,317,316,317,324,314,293,314,316,304,291,3731,2,7462
ITM_363,On Involve,Grocery,1394,1265,1557,1164,1307,1118,968,1367,853,1318,1335,1013,14659,10,146590
ITM_364,Mrs Expect,Toys,188,179,156,178,174,210,169,181,181,188,186,160,2150,10,21500
ITM_365,Total Occur,Home & Kitchen,282,327,299,298,298,345,333,324,320,315,309,314,3764,1000,3764000
ITM_366,Vote Lawyer,Electronics,94,101,83,85,84,92,102,90,88,88,84,76,1067,2,2134
ITM_367,Anyone Maybe,Grocery,1665,1524,1819,1739,1554,1515,1644,1497,1330,1432,1252,1696,18667,10,186670
ITM_368,Compare Husband,Electronics,337,307,325,329,335,336,303,294,317,311,276,300,3770,10,37700
ITM_369,Head Agreement,Home & Kitchen,221,213,197,245,240,213,223,235,214,213,220,222,2656,2,5312
ITM_370,Form Goal,Home & Kitchen,218,252,222,235,221,232,239,266,215,229,229,191,2749,50,137450
ITM_371,Hit Phone,Electronics,445,456,430,444,412,444,466,477,465,455,445,414,5353,2,10706
ITM_372,Decade Win,Apparel,380,620,540,381,478,369,535,217,338,643,163,114,4778,50,238900
ITM_373,Hundred Movement,Toys,351,321,362,342,356,336,377,372,331,320,344,358,4170,10,41700
ITM_374,Nearly Start,Grocery,3532,4116,4253,3847,3812,3542,4242,3604,4038,3883,3845,3779,46493,10,464930
ITM_375,Race Food,Grocery,2095,2310,2738,2216,2221,2144,1822,1910,2147,2460,1764,1841,25668,100,2566800
ITM_376,Increase Box,Electronics,321,314,324,335,316,330,332,301,315,347,351,327,3913,2,7826
ITM_377,Against Certainly,Toys,342,306,298,309,347,283,308,340,329,331,292,313,3798,2,7596
ITM_378,There Wind,Grocery,2126,1468,1777,1668,1885,1772,1941,1499,1707,1693,1605,1588,20729,100,2072900
ITM_379,Bed Describe,Apparel,257,502,360,121,22,106,50,32,543,85,59,214,2351,2,4702
ITM_380,Director Them,Home & Kitchen,138,133,140,126,137,144,139,132,134,137,112,123,1595,2,3190
ITM_381,Sign Risk,Grocery,4349,4623,4436,4204,4190,4598,4164,4779,4327,4264,4242,4193,52369,100,5236900
ITM_382,Phone Pretty,Apparel,393,7,8,8,503,527,59,207,148,302,311,12,2485,2,4970
ITM_383,Parent Current,Electronics,72,100,83,82,76,84,84,93,86,74,96,81,1011,10,10110
ITM_384,Character Sing,Grocery,4581,4430,4863,4836,4458,4690,4528,4464,4742,4600,4869,4591,55652,10,556520
ITM_385,Television Certainly,Toys,211,215,242,209,205,211,180,224,205,221,218,219,2560,50,128000
ITM_386,Pressure Tree,Grocery,4387,3876,4119,4626,4411,4319,4800,4409,4295,4489,4219,4660,52610,100,5261000
ITM_387,Check Consider,Grocery,1456,1368,1112,1284,1354,913,1151,1083,1208,1207,1498,1129,14763,2,29526
ITM_388,Your Different,Electronics,367,362,377,386,329,345,352,323,387,404,381,370,4383,2,8766
ITM_389,Game Special,Electronics,334,283,305,316,315,331,319,306,300,321,327,324,3781,50,189050
ITM_390,Peace On,Electronics,277,265,323,291,261,292,299,287,289,327,314,291,3516,50,175800
ITM_391,Laugh Heavy,Apparel,173,402,261,167,178,573,205,270,379,414,605,369,3996,2,7992
ITM_392,Happy Prevent,Electronics,146,169,149,137,134,138,139,141,130,151,169,159,1762,10,17620
ITM_393,Get Story,Apparel,275,758,553,225,531,708,727,385,438,803,742,675,6820,50,341000
ITM_394,Than Car,Grocery,1289,1664,1643,1589,1662,1642,1655,1850,1446,1683,1885,1517,19525,50,976250
ITM_395,Animal Key,Grocery,5180,4626,5010,4802,4856,5361,5504,4910,4631,4959,4867,4903,59609,500,29804500
ITM_396,Thing Teach,Electronics,458,443,423,406,417,398,481,425,427,413,413,409,5113,50,255650
ITM_397,Analysis Oil,Electronics,71,64,74,53,66,69,58,69,67,69,62,61,783,10,7830
ITM_398,Edge Understand,Apparel,154,266,56,488,224,87,6,213,309,368,451,12,2634,50,131700
ITM_399,Court Product,Toys,322,350,299,322,330,288,309,342,337,292,328,315,3834,2,7668
ITM_400,We Challenge,Grocery,3397,3792,3147,3506,3228,3406,3324,3234,3396,3256,3652,3467,40805,2,81610
ITM_401,Morning Indeed,Electronics,478,501,493,472,468,485,461,499,475,494,487,517,5830,50,291500
ITM_402,Consider Water,Electronics,83,81,77,77,67,87,96,80,79,73,76,88,964,10,9640
ITM_403,Form Know,Grocery,2862,2574,2136,2836,2416,2963,2538,2695,2911,2562,2124,2805,31422,50,1571100
ITM_404,Suggest Seem,Grocery,2491,2572,2625,2756,2771,2527,2547,2460,2306,2681,2328,2730,30794,10,307940
ITM_405,Particularly Improve,Apparel,1012,1042,623,636,1092,901,748,1088,951,1103,1078,954,11228,2,22456
ITM_406,Bank Turn,Electronics,131,158,118,163,148,141,126,132,152,126,138,131,1664,10,16640
ITM_407,Remain Stock,Home & Kitchen,306,288,333,327,292,305,297,333,309,295,300,301,3686,10,36860
ITM_408,Health Middle,Electronics,180,199,175,209,182,221,195,209,191,199,212,195,2367,10,23670
ITM_409,Indicate Organization,Home & Kitchen,53,53,70,62,55,54,58,69,62,48,54,60,698,2,1396
ITM_410,Environmental Across,Grocery,1486,1573,1708,1434,1495,1547,1432,1577,1648,1838,1853,1372,18963,10,189630
ITM_411,Treat Address,Electronics,218,232,204,245,206,217,244,214,228,237,217,224,2686,10,26860
ITM_412,Beautiful Site,Grocery,3821,3699,3678,3810,3892,3824,3979,3807,3882,3667,3986,3750,45795,2,91590
ITM_413,Growth Someone,Grocery,1776,1547,1919,1664,1710,1732,1690,1500,1548,2079,1842,1544,20551,2,41102
ITM_414,Base Protect,Apparel,570,654,394,643,469,573,859,822,372,593,456,530,6935,10,69350
ITM_415,Citizen Between,Grocery,3661,3890,3652,3743,4073,4225,3879,4187,3833,3949,3414,4029,46535,2,93070
ITM_416,Use Popular,Grocery,3291,3236,3556,3299,3403,3321,3126,3413,3505,3614,3425,2909,40098,10,400980
ITM_417,Near Away,Home & Kitchen,79,83,61,85,100,87,76,92,79,80,72,86,980,50,49000
ITM_418,Finally Turn,Toys,364,373,350,362,358,377,373,386,382,350,337,391,4403,1000,4403000
ITM_419,Carry Music,Home & Kitchen,161,174,155,161,150,159,143,150,173,153,144,145,1868,50,93400
ITM_420,Reach Early,Electronics,236,272,233,252,241,231,249,236,262,260,227,229,2928,2,5856
ITM_421,Magazine Late,Electronics,116,107,115,95,99,115,121,108,112,108,102,91,1289,500,644500
ITM_422,Great Again,Electronics,118,135,114,120,110,118,127,130,133,128,135,119,1487,2,2974
ITM_423,Machine Sure,Electronics,395,384,368,399,364,372,405,375,387,374,398,383,4604,10,46040
ITM_424,Hope Fact,Grocery,2702,2716,2787,2909,2570,2955,2677,2857,2874,2922,2791,2422,33182,2,66364
ITM_425,Whole Understand,Electronics,236,260,244,237,267,233,258,224,252,232,248,230,2921,2,5842
ITM_426,Ok One,Home & Kitchen,471,461,506,470,418,461,480,474,448,431,422,446,5488,10,54880
ITM_427,Field Wife,Toys,401,389,391,409,423,403,401,423,407,399,408,439,4893,2,9786
ITM_428,Hot Return,Grocery,1785,1610,1597,1667,1886,1795,1588,2046,1413,1778,1166,1721,20052,50,1002600
ITM_429,Edge Former,Electronics,342,344,298,328,370,343,342,321,323,337,344,329,4021,2,8042
ITM_430,Thousand Party,Grocery,2996,3251,2881,3123,2765,2672,2752,2916,2481,2959,3098,3098,34992,10,349920
ITM_431,Later Rise,Home & Kitchen,389,379,395,390,398,400,373,384,388,356,407,392,4651,2,9302
ITM_432,According Offer,Apparel,384,199,597,489,259,461,177,501,184,358,263,412,4284,2,8568
ITM_433,Reduce Recognize,Grocery,4457,4330,4470,4554,4218,4407,4622,4391,4634,4884,4773,4614,54354,10,543540
ITM_434,Art Discussion,Grocery,3541,3714,3761,3596,3785,3545,3692,3575,4013,3366,3941,3727,44256,2,88512
ITM_435,Look Young,Electronics,208,255,255,266,254,262,243,248,245,241,242,239,2958,2,5916
ITM_436,Sense Yeah,Apparel,951,395,918,711,561,763,383,945,635,931,614,674,8481,50,424050
ITM_437,Company Maybe,Grocery,2428,2478,2227,2267,2117,2215,2154,2101,2409,2086,2132,2221,26835,100,2683500
ITM_438,Well While,Electronics,312,261,256,278,278,291,271,255,271,265,273,283,3294,2,6588
ITM_439,Family Executive,Grocery,4045,4239,4596,3965,3871,4460,4146,4464,3883,4401,4458,3790,50318,2,100636
ITM_440,Strong For,Apparel,964,1073,958,1097,1062,776,768,677,1234,698,776,894,10977,500,5488500
ITM_441,State Probably,Electronics,368,358,369,346,369,394,406,363,404,392,351,371,4491,10,44910
ITM_442,Need On,Grocery,3112,3104,3219,3197,2887,2944,3165,3176,2970,3225,3022,3135,37156,2,74312
ITM_443,Doctor His,Grocery,2278,1672,1781,2063,1259,1619,1408,1524,2063,1698,1672,2106,21143,50,1057150
ITM_444,Book Suffer,Grocery,2416,2460,2315,2620,2534,2599,2550,2949,2478,1994,2206,2314,29435,2,58870
ITM_445,Number Congress,Electronics,98,84,79,83,88,91,82,106,85,99,91,87,1073,2,2146
ITM_446,Modern Far,Grocery,1649,1833,1844,1402,1936,1524,1922,1861,1852,2045,2365,2111,22344,500,11172000
ITM_447,Term Fall,Grocery,4545,4582,4612,4702,4582,4456,4368,4336,4554,4437,4558,4548,54280,50,2714000
ITM_448,Perform Low,Toys,346,322,328,336,319,329,299,289,299,324,325,316,3832,2,7664
ITM_449,Relationship Ever,Electronics,451,435,453,465,444,472,472,441,479,444,507,451,5514,2,11028
ITM_450,Management Name,Toys,94,86,100,86,106,92,83,94,95,80,80,101,1097,10,10970
ITM_451,Pattern Air,Grocery,1896,1684,1716,1810,1670,1664,1809,1927,1674,1630,1947,1393,20820,10,208200
ITM_452,Old Despite,Toys,118,106,91,110,103,98,108,103,121,106,119,110,1293,50,64650
ITM_453,Machine Executive,Grocery,4792,4595,4575,4711,4717,4911,4719,4809,4552,4293,4607,4367,55648,50,2782400
ITM_454,Assume Whatever,Electronics,234,252,262,250,241,236,280,268,264,238,225,244,2994,50,149700
ITM_455,My Rock,Apparel,324,316,79,259,502,129,587,465,446,651,593,658,5009,50,250450
ITM_456,Discover Trade,Apparel,404,113,325,156,204,182,92,174,270,266,182,392,2760,10,27600
ITM_457,Make Thus,Electronics,175,150,154,169,152,155,168,168,148,172,155,164,1930,1000,1930000
ITM_458,Respond Or,Grocery,4791,4985,4771,5005,4770,5168,4797,4921,4818,5016,4796,4840,58678,2,117356
ITM_459,Herself Develop,Apparel,797,709,671,591,637,1120,719,540,799,869,862,701,9015,50,450750
ITM_460,Certainly Build,Apparel,782,831,705,433,527,443,246,623,548,685,400,447,6670,10,66700
ITM_461,Trial Politics,Toys,341,299,315,313,305,298,332,332,309,312,291,302,3749,10,37490
ITM_462,Agency Rest,Apparel,456,309,14,119,343,192,211,368,316,113,536,96,3073,50,153650
ITM_463,Issue Force,Grocery,4529,4800,4521,4801,4289,4419,4731,4289,4427,4118,4584,4512,54020,2,108040
ITM_464,None Break,Toys,316,286,300,284,292,319,316,283,316,294,279,298,3583,2,7166
ITM_465,Ever Own,Apparel,591,665,628,552,177,463,598,644,302,207,651,328,5806,2,11612
ITM_466,Behind Of,Grocery,1374,1586,973,1684,1215,1260,1282,1214,1373,1256,1246,1418,15881,2,31762
ITM_467,Check Rather,Grocery,3191,3158,2902,3447,2954,3281,3394,3350,3351,2825,2831,3371,38055,50,1902750
ITM_468,Physical Threat,Home & Kitchen,482,506,480,517,484,496,496,492,499,515,544,537,6048,10,60480
ITM_469,And System,Grocery,4810,4610,4849,4755,5078,4627,4714,4701,4565,4687,4750,4792,56938,50,2846900
ITM_470,Whom Available,Grocery,2704,2617,2759,2979,2851,3052,2565,2572,2923,2593,2552,2617,32784,2,65568
ITM_471,Sometimes Building,Grocery,1646,1373,1524,1506,1751,1385,1387,1109,1652,1389,1300,1936,17958,100,1795800
ITM_472,After Phone,Grocery,1826,1480,1600,1365,1218,1307,1389,1551,1536,1683,1259,1315,17529,50,876450
ITM_473,That Themselves,Home & Kitchen,318,332,324,328,320,328,323,343,371,342,307,334,3970,2,7940
ITM_474,Design Run,Electronics,100,117,127,109,105,108,114,109,109,108,122,119,1347,10,13470
ITM_475,Pattern Contain,Grocery,4266,3539,4405,4224,3925,3988,3962,4025,3898,4206,4269,3667,48374,10,483740
ITM_476,Stage Street,Electronics,129,130,149,156,140,129,124,129,131,132,162,134,1645,2,3290
ITM_477,Stock Lose,Grocery,3945,4096,3731,3842,3891,3979,3926,3687,4097,4062,3918,4227,47401,10,474010
ITM_478,Peace Central,Home & Kitchen,158,175,181,190,181,183,191,168,171,161,202,173,2134,2,4268
ITM_479,General Form,Grocery,1675,1603,1682,1662,1446,2109,1570,1704,1674,1809,1694,1693,20321,2,40642
ITM_480,Become Expect,Home & Kitchen,420,361,390,358,381,405,419,428,406,395,400,425,4788,10,47880
ITM_481,Trip Mind,Grocery,4178,3974,4151,4005,3995,3786,4301,3615,4145,4234,3826,3974,48184,10,481840
ITM_482,Society Add,Toys,533,513,540,532,507,506,550,506,459,475,454,502,6077,500,3038500
ITM_483,Along Have,Home & Kitchen,45,53,76,60,51,69,60,57,60,76,56,65,728,2,1456
ITM_484,Reach Operation,Electronics,74,71,79,84,77,66,66,82,77,92,82,90,940,2,1880
ITM_485,Be Loss,Electronics,404,354,351,410,361,381,363,365,367,380,389,340,4465,2,8930
ITM_486,Attention Final,Toys,424,447,384,438,386,432,435,458,451,431,409,427,5122,2,10244
ITM_487,Woman Above,Grocery,878,1125,1250,1185,527,939,1057,770,1318,1204,879,973,12105,1000,12105000
ITM_488,Player General,Electronics,415,408,401,436,383,372,423,414,424,416,425,395,4912,2,9824
ITM_489,Lose American,Grocery,4584,4559,4686,4601,4674,5064,4562,4725,4656,5053,4384,4461,56009,2,112018
ITM_490,Money Popular,Electronics,371,382,396,360,367,372,364,349,352,367,327,360,4367,10,43670
ITM_491,Great That,Apparel,401,636,351,239,230,200,235,259,606,660,725,613,5155,2,10310
ITM_492,Recognize Dinner,Grocery,2427,2307,2549,2268,2697,2407,2522,2405,2205,2370,2615,1866,28638,10,286380
ITM_493,Police Actually,Toys,122,112,102,99,108,121,123,108,120,91,127,111,1344,50,67200
ITM_494,Yes Enter,Electronics,312,297,327,358,310,302,283,321,323,310,330,283,3756,50,187800
ITM_495,Animal Sell,Home & Kitchen,380,396,386,380,410,411,412,385,393,423,377,405,4758,2,9516
ITM_496,School Environment,Apparel,166,29,134,353,17,125,375,109,160,76,254,388,2186,2,4372
ITM_497,History Write,Toys,240,262,238,269,246,229,234,257,278,257,231,245,2986,50,149300
ITM_498,Away Ago,Apparel,344,374,376,120,18,160,82,22,35,210,12,16,1769,2,3538
ITM_499,Management Choice,Grocery,3679,3644,3608,3730,3596,3726,3564,3478,3783,3767,3306,3597,43478,2,86956
ITM_500,Stand Often,Grocery,1983,1673,1748,1235,1564,1241,1460,1475,1483,1154,1499,1766,18281,100,1828100
ITM_501,Box Represent,Electronics,412,512,480,495,485,449,443,403,444,424,479,474,5500,2,11000
ITM_502,Many Which,Grocery,3922,3937,3687,3677,4007,3731,3565,4217,3814,4236,3975,3916,46684,10,466840
ITM_503,Look Resource,Electronics,454,476,499,503,470,526,495,475,505,499,484,493,5879,10,58790
ITM_504,No Half,Grocery,1433,1101,1174,1262,972,1260,1384,1276,1495,1397,852,1053,14659,2,29318
ITM_505,Resource Ground,Electronics,272,269,248,228,252,252,266,240,255,249,273,241,3045,10,30450
ITM_506,Range Law,Grocery,2673,2649,2825,2418,2621,2629,2934,2494,2516,2591,2524,2586,31460,2,62920
ITM_507,Mission Food,Home & Kitchen,261,280,253,283,285,251,253,263,259,287,259,254,3188,2,6376
ITM_508,Carry Year,Apparel,372,481,442,472,339,199,314,742,274,210,396,453,4694,2,9388
ITM_509,Hope Customer,Electronics,171,180,172,188,167,178,156,166,155,175,177,149,2034,50,101700
ITM_510,Situation Son,Electronics,146,169,146,158,142,169,151,146,177,157,133,139,1833,50,91650
ITM_511,Wall Trial,Electronics,168,160,159,169,185,158,156,146,204,146,156,178,1985,2,3970
ITM_512,Radio Race,Grocery,4185,4087,3660,3774,4391,3906,3699,4155,3936,3646,3959,4208,47606,1000,47606000
ITM_513,The Television,Home & Kitchen,319,290,300,318,304,301,313,277,328,332,284,300,3666,50,183300
ITM_514,Official Impact,Electronics,455,445,427,435,433,426,444,421,425,427,412,443,5193,100,519300
ITM_515,Study Scientist,Electronics,55,57,66,75,70,67,66,62,51,51,69,65,754,50,37700
ITM_516,Bag Southern,Electronics,407,444,429,390,445,433,433,409,410,448,421,423,5092,10,50920
ITM_517,Health Hundred,Grocery,4831,4585,4898,4840,4423,4338,4369,4611,4493,4595,4822,4512,55317,500,27658500
ITM_518,Decide Clear,Grocery,4722,5014,5247,4869,5006,5462,4881,5053,5142,4726,4890,4802,59814,2,119628
ITM_519,Reflect Or,Grocery,3803,4009,3961,3728,4219,4114,3952,4172,3974,4247,3924,3819,47922,2,95844
ITM_520,Bank Happen,Apparel,527,511,828,598,879,659,328,733,652,821,499,443,7478,50,373900
ITM_521,Nature Nice,Grocery,3602,3796,3870,3680,3537,3784,3820,4052,3974,4063,3918,3937,46033,100,4603300
ITM_522,Pattern Book,Grocery,3079,3185,3081,2794,3313,3329,3168,3241,3309,2997,2781,2859,37136,1000,37136000
ITM_523,Nothing May,Grocery,2973,3161,2943,3014,3397,3009,3207,3285,3091,3246,2654,2978,36958,2,73916
ITM_524,Want Dog,Toys,473,444,440,476,474,458,456,477,464,464,491,460,5577,10,55770
ITM_525,Likely Guess,Grocery,2415,2729,2530,2101,2348,2496,3059,2959,2172,2541,2386,2422,30158,50,1507900
ITM_526,Begin Here,Electronics,82,77,75,71,69,79,64,78,92,85,70,86,928,50,46400
ITM_527,Program Fear,Grocery,1626,1613,1196,1905,1538,1417,1739,1785,1763,2115,2067,2060,20824,10,208240
ITM_528,What Friend,Grocery,4476,5066,5208,4874,5384,4876,4927,5090,4979,4720,4805,4898,59303,10,593030
ITM_529,Good Seven,Grocery,4108,4173,4384,4587,4389,4361,4366,4412,4009,4233,4106,4361,51489,10,514890
ITM_530,Often Big,Electronics,240,283,242,252,263,278,262,284,276,293,266,256,3195,2,6390
ITM_531,Cold Seem,Apparel,797,361,426,468,375,505,728,617,466,573,724,774,6814,2,13628
ITM_532,Then Hand,Grocery,4063,3774,3677,3766,4129,3753,3416,3283,3656,3715,3582,3922,44736,2,89472
ITM_533,Ten Generation,Toys,520,471,472,465,498,493,502,492,491,470,469,500,5843,100,584300
ITM_534,Against Seek,Grocery,2012,2070,2326,2144,1397,2108,1905,2218,2012,2426,1869,1773,24260,50,1213000
ITM_535,Sure Until,Electronics,231,213,218,187,196,214,217,227,208,211,200,227,2549,50,127450
ITM_536,Pm Traditional,Apparel,1054,1264,1245,1139,1018,1030,1038,887,1204,942,919,1177,12917,2,25834
ITM_537,Memory Give,Grocery,1239,925,899,619,1107,829,909,1184,977,681,1020,1186,11575,10,115750
ITM_538,Project Several,Grocery,1445,1435,2165,1687,1835,1673,1664,2003,1830,1913,1616,1953,21219,100,2121900
ITM_539,Various General,Toys,233,209,211,188,222,223,249,185,206,202,218,184,2530,10,25300
ITM_540,Around Money,Home & Kitchen,71,81,61,87,89,75,76,76,80,77,104,90,967,50,48350
ITM_541,Thousand Over,Apparel,752,682,378,279,846,773,707,548,612,331,343,794,7045,10,70450
ITM_542,Understand National,Toys,356,349,366,392,392,369,341,410,397,389,382,363,4506,2,9012
ITM_543,Present Maybe,Grocery,4679,4346,4493,4836,4481,4669,4885,4534,4567,4717,4342,4766,55315,10,553150
ITM_544,Reach Form,Grocery,894,1169,1217,1024,1089,1206,1079,1016,1394,1201,1223,1001,13513,1000,13513000
ITM_545,Rich Program,Grocery,2654,2776,2104,2643,2444,2642,2506,2385,2207,2533,2600,2494,29988,10,299880
ITM_546,Enough Them,Home & Kitchen,222,255,214,225,219,231,223,245,239,212,218,216,2719,2,5438
ITM_547,Crime Drop,Grocery,1068,1073,1235,1083,1172,889,933,1410,1233,931,1303,1229,13559,2,27118
ITM_548,Dark Clearly,Grocery,2108,2141,1954,1954,1994,1890,2066,2085,2062,2140,2018,1979,24391,10,243910
ITM_549,Treat Probably,Grocery,2552,2658,2535,2554,2615,2632,2696,2325,2539,2502,2713,2875,31196,2,62392
ITM_550,Consider North,Grocery,2889,2773,3420,2860,3238,2961,3125,3126,3142,2916,3056,2915,36421,2,72842
ITM_551,Police Clearly,Home & Kitchen,296,313,296,317,295,315,292,341,313,317,305,275,3675,50,183750
ITM_552,National Since,Home & Kitchen,390,459,422,393,446,398,421,452,412,433,395,441,5062,10,50620
ITM_553,Hot Staff,Grocery,1953,2125,1924,2001,2290,2151,1691,2230,2482,2050,2361,2248,25506,2,51012
ITM_554,How Reduce,Apparel,796,906,969,1073,980,960,897,870,640,819,1143,898,10951,100,1095100
ITM_555,Almost Approach,Apparel,443,765,898,853,751,630,637,923,511,669,728,919,8727,10,87270
ITM_556,Similar His,Grocery,2844,2703,2473,2686,2780,3265,3023,2723,2211,2530,2629,2701,32568,2,65136
ITM_557,Southern Onto,Grocery,1650,1228,1151,1312,1266,846,1071,805,894,1235,927,1394,13779,2,27558
ITM_558,Here Plant,Grocery,1405,1861,1552,1456,1357,1343,1669,1573,1359,1709,1548,1329,18161,2,36322
ITM_559,Author Sit,Apparel,506,216,214,122,34,454,20,393,342,395,412,260,3368,50,168400
ITM_560,Able Develop,Grocery,3060,3131,2620,2620,2669,2755,3456,2829,2787,2990,2867,2560,34344,100,3434400
ITM_561,Plan Number,Grocery,1138,942,1020,1456,864,896,1492,1063,1251,1134,1095,958,13309,10,133090
ITM_562,Central Front,Apparel,704,646,699,292,828,512,528,334,257,469,749,716,6734,10,67340
ITM_563,Forget Would,Toys,161,124,156,173,165,174,166,159,143,143,162,160,1886,2,3772
ITM_564,Apply Always,Grocery,3728,3174,3739,3529,3576,3852,3580,3561,3409,3421,3570,3495,42634,50,2131700
ITM_565,Popular World,Electronics,180,206,186,189,199,184,183,181,176,182,180,179,2225,2,4450
ITM_566,Reach Big,Grocery,4537,4504,4420,4449,4780,4236,4430,4267,4396,4034,4126,4267,52446,10,524460
ITM_567,Physical Some,Grocery,3184,3070,3212,2935,3259,3314,3394,2728,3179,3295,3164,3255,37989,50,1899450
ITM_568,Cost Very,Home & Kitchen,343,330,314,339,347,311,328,316,311,332,321,349,3941,10,39410
ITM_569,Worry Because,Toys,50,65,61,60,51,55,48,51,54,55,50,45,645,2,1290
ITM_570,Likely Recognize,Home & Kitchen,356,307,352,373,374,359,372,355,350,370,343,358,4269,2,8538
ITM_571,Out Lay,Grocery,2827,2471,2472,3232,2648,2406,2926,2722,2699,2383,2869,2541,32196,2,64392
ITM_572,Month Wide,Toys,82,106,109,100,107,81,96,97,101,90,89,93,1151,2,2302
ITM_573,Toward Activity,Electronics,493,438,431,440,458,444,437,459,490,491,469,434,5484,10,54840
ITM_574,Program Decide,Apparel,236,447,229,38,308,80,271,446,19,116,19,51,2260,50,113000
ITM_575,Book Reach,Apparel,798,1052,681,814,804,892,1035,933,1253,669,1127,749,10807,500,5403500
ITM_576,Represent Whose,Electronics,451,470,456,500,469,467,451,468,492,436,443,459,5562,100,556200
ITM_577,Bed Ago,Grocery,2775,2852,2589,2718,2818,2866,2441,2416,2303,2732,2510,2512,31532,2,63064
ITM_578,Glass Career,Grocery,4464,3966,4222,4529,4546,4449,4333,4288,4174,4507,4448,4883,52809,10,528090
ITM_579,Dream Character,Home & Kitchen,222,267,258,228,242,262,224,236,269,258,221,272,2959,2,5918
ITM_580,Per Appear,Grocery,3388,3398,3390,3435,3042,3413,3084,3462,3409,3026,3367,3142,39556,100,3955600
ITM_581,Manage Into,Grocery,3310,3475,3735,3704,3392,3425,3432,3161,3536,3292,3270,3013,40745,500,20372500
ITM_582,When Water,Apparel,820,554,777,779,796,833,592,877,617,863,942,730,9180,2,18360
ITM_583,Most Exactly,Grocery,2413,2573,2339,2291,2760,2558,2665,2734,2467,2594,2441,2754,30589,10,305890
ITM_584,Finish Watch,Grocery,3630,3725,3664,3434,3231,3643,3445,3724,3205,3332,3619,3328,41980,2,83960
ITM_585,Either Clearly,Grocery,4272,3936,3764,3920,4218,3893,3878,4074,4209,4183,3918,4297,48562,2,97124
ITM_586,Hope Dark,Grocery,1316,1372,1219,1307,1182,1214,1320,1155,1072,1241,1425,946,14769,10,147690
ITM_587,And Field,Grocery,1235,1344,1264,959,1549,1124,1373,1303,1122,1107,987,1188,14555,500,7277500
ITM_588,Station Recent,Grocery,4691,4352,4242,4244,4421,4365,4319,4616,4495,4181,4409,4393,52728,500,26364000
ITM_589,Term Around,Electronics,204,202,213,214,227,197,224,270,238,222,205,219,2635,2,5270
ITM_590,Read Role,Apparel,895,1059,1177,1170,792,614,945,1182,1108,1148,1188,1089,12367,2,24734
ITM_591,Music Game,Grocery,4750,4723,4947,4801,4752,4473,4860,4535,4972,4706,4870,4687,57076,10,570760
ITM_592,Fire Treat,Toys,466,496,467,486,474,501,525,528,466,515,479,500,5903,500,2951500
ITM_593,Surface Almost,Toys,300,270,278,284,288,297,300,305,287,274,327,273,3483,50,174150
ITM_594,Light Response,Apparel,219,136,7,187,168,395,305,235,16,118,12,197,1995,10,19950
ITM_595,Star Thing,Apparel,342,160,126,96,172,313,7,304,12,86,140,179,1937,10,19370
ITM_596,Gun Team,Grocery,2197,2634,2792,2656,2448,2433,2633,2587,2753,2581,2717,2779,31210,10,312100
ITM_597,Evening He,Electronics,509,498,507,540,503,495,475,474,501,470,492,498,5962,10,59620
ITM_598,Player Care,Toys,268,231,233,230,281,258,270,244,279,252,225,255,3026,2,6052
ITM_599,Ready Wife,Grocery,2972,2928,2625,2951,2991,2655,2600,3055,3322,3350,3027,2975,35451,10,354510
ITM_600,Agency Significant,Grocery,1650,1497,1992,1983,1887,1804,1930,1732,1650,1707,1814,1939,21585,2,43170
ITM_601,Hand Step,Electronics,116,138,154,157,170,139,122,145,139,133,167,146,1726,10,17260
ITM_602,Sing Lot,Apparel,1084,990,971,1109,732,1235,676,1015,1228,1115,1003,1044,12202,2,24404
ITM_603,Information Item,Grocery,1664,2003,1972,1728,2004,2101,1928,2065,1937,1918,1929,2001,23250,2,46500
ITM_604,Expert Marriage,Apparel,396,434,117,146,564,255,484,523,156,129,531,588,4323,50,216150
ITM_605,Born Happen,Apparel,583,815,499,612,571,797,793,819,951,916,1051,1027,9434,1000,9434000
ITM_606,By Suffer,Electronics,213,173,176,205,218,171,204,201,187,183,195,161,2287,50,114350
ITM_607,Property Consider,Electronics,488,496,483,490,482,479,465,474,450,455,473,480,5715,100,571500
ITM_608,Unit Face,Grocery,2171,2644,2371,2414,2490,2600,2581,2715,2633,2516,2569,2416,30120,2,60240
ITM_609,Hit Appear,Home & Kitchen,337,327,351,300,312,314,304,306,284,307,333,341,3816,2,7632
ITM_610,Weight First,Grocery,1955,2629,1876,1693,1703,1981,1871,2279,2228,2361,2088,2321,24985,10,249850
ITM_611,Film City,Grocery,3002,2900,3156,2853,2593,2976,2955,3044,3131,2826,3287,3046,35769,2,71538
ITM_612,Example Firm,Grocery,3954,3754,3912,3796,4223,4078,3779,4045,4339,4166,3742,4181,47969,2,95938
ITM_613,Region Six,Electronics,110,100,87,79,95,96,80,95,105,95,88,86,1116,10,11160
ITM_614,Research List,Home & Kitchen,439,501,453,434,438,491,444,432,452,441,430,470,5425,10,54250
ITM_615,Check West,Electronics,304,273,295,252,272,277,277,303,247,247,299,275,3321,10,33210
ITM_616,Collection Hundred,Apparel,799,631,747,764,568,829,636,886,778,708,774,766,8886,10,88860
ITM_617,Itself Follow,Grocery,1192,964,1006,727,1201,712,1184,1198,1120,790,1170,1421,12685,50,634250
ITM_618,Week Response,Toys,88,87,75,84,70,74,70,105,79,88,83,76,979,2,1958
ITM_619,Customer Read,Grocery,2188,2264,2385,2095,2216,2041,2117,2169,2016,2174,2098,2267,26030,500,13015000
ITM_620,Modern Alone,Grocery,1681,1584,1720,1308,1187,1425,1452,1623,1187,1531,1359,1324,17381,2,34762
ITM_621,However Moment,Apparel,631,455,408,371,510,853,836,295,488,401,800,481,6529,10,65290
ITM_622,Pass Event,Grocery,2311,2366,2460,2382,2359,2381,2496,2180,2449,2136,2259,2269,28048,2,56096
ITM_623,Notice Social,Grocery,4066,4501,4035,4631,4441,3912,4309,4314,4325,4535,4181,4225,51475,2,102950
ITM_624,Experience Language,Grocery,3760,3756,3239,3017,3288,3619,3674,3507,3175,3361,3740,3761,41897,10,418970
ITM_625,Baby Result,Home & Kitchen,112,113,114,109,115,117,112,123,93,128,128,98,1362,2,2724
ITM_626,Tend Care,Apparel,226,580,540,458,442,285,197,261,580,394,349,504,4816,100,481600
ITM_627,Natural Already,Grocery,3325,2814,3126,3435,3459,3194,3453,3258,2987,3127,2874,2883,37935,2,75870
ITM_628,Somebody Rest,Home & Kitchen,470,503,476,468,489,483,488,440,470,498,506,464,5755,50,287750
ITM_629,Itself Pressure,Apparel,398,66,18,14,132,192,114,133,115,11,327,102,1622,50,81100
ITM_630,Total Key,Toys,278,274,309,313,298,301,321,286,335,297,317,292,3621,10,36210
ITM_631,Guess Interview,Grocery,3732,3953,3808,3911,3837,4240,4215,3720,3950,3872,3920,3786,46944,10,469440
ITM_632,Store Wear,Grocery,4869,5171,4997,5186,4993,4702,4887,4851,4865,4669,4819,4809,58818,10,588180
ITM_633,Forget Thus,Toys,146,174,163,150,160,187,157,172,180,183,139,168,1979,10,19790
ITM_634,Tree Similar,Apparel,701,558,222,660,473,486,580,548,569,721,655,236,6409,500,3204500
ITM_635,Huge Success,Grocery,2813,3238,3151,2828,2746,2848,2632,2622,2829,2951,2935,3419,35012,10,350120
ITM_636,Season Buy,Grocery,2735,2613,3102,2815,2949,2880,2910,2864,2803,3043,3110,2676,34500,10,345000
ITM_637,News Respond,Grocery,2831,2805,2973,3063,2707,3157,3136,2881,2830,2663,2602,2823,34471,2,68942
ITM_638,Until Staff,Electronics,102,93,87,97,110,94,109,97,80,82,102,89,1142,50,57100
ITM_639,Set Maybe,Apparel,419,643,257,683,327,771,608,488,704,818,684,633,7035,2,14070
ITM_640,President Interest,Toys,293,275,299,282,277,252,293,268,250,290,250,297,3326,2,6652
ITM_641,Sort Yet,Grocery,2623,2664,2541,2803,2858,2579,2727,2402,2482,2805,2768,2741,31993,10,319930
ITM_642,Simply Check,Grocery,3774,4130,4063,4000,4581,4432,4276,3840,4172,4077,4082,4020,49447,10,494470
ITM_643,In Soon,Grocery,3875,3838,4437,4156,4073,4115,3541,3837,3963,4041,3871,3670,47417,10,474170
ITM_644,Wear Worry,Grocery,3975,3428,3486,3808,3603,3720,3643,3639,3776,3396,3676,3673,43823,10,438230
ITM_645,Herself Notice,Apparel,811,1096,516,726,577,582,1057,698,905,839,543,650,9000,50,450000
ITM_646,Remain Employee,Electronics,290,276,280,313,281,293,275,282,322,299,318,279,3508,10,35080
ITM_647,Vote Source,Home & Kitchen,63,57,54,61,52,55,59,55,68,57,65,63,709,10,7090
ITM_648,Measure Begin,Grocery,2933,2953,3100,2795,2641,2754,2797,2780,3384,2676,2901,3186,34900,500,17450000
ITM_649,Century Beat,Grocery,4019,4046,4081,3895,3918,4369,3817,3904,3798,4505,3642,3998,47992,2,95984
ITM_650,His Walk,Apparel,60,28,279,83,9,200,253,208,152,36,257,427,1992,2,3984
ITM_651,About Response,Grocery,5084,4737,5271,4872,4551,4683,4957,4804,5185,4583,4527,5053,58307,100,5830700
ITM_652,Mrs No,Grocery,4382,3896,3698,4298,4161,3945,4076,4270,4140,4143,3994,3845,48848,100,4884800
ITM_653,Effort Give,Grocery,4176,4458,3916,3807,4244,4014,4001,4176,4333,4066,4123,4220,49534,10,495340
ITM_654,Mean Agent,Grocery,4879,4707,4540,4906,4787,4710,4612,4514,4270,4672,4902,4722,56221,50,2811050
ITM_655,Who Something,Grocery,2348,2852,2556,2499,2139,2503,2542,2495,2590,2452,2169,2364,29509,50,1475450
ITM_656,Would Son,Grocery,1538,1601,1583,1702,1643,1356,1861,1824,1526,1335,1695,1491,19155,10,191550
ITM_657,West Fear,Apparel,700,279,867,608,357,583,473,449,858,852,344,613,6983,10,69830
ITM_658,Painting Mention,Electronics,369,340,373,384,340,377,386,352,369,342,373,356,4361,50,218050
ITM_659,Perhaps College,Grocery,4582,4425,4990,4646,4466,4506,4815,4402,4930,4334,4455,4924,55475,2,110950
ITM_660,Teach Team,Apparel,778,516,659,960,749,716,678,933,546,641,834,438,8448,2,16896
ITM_661,Product Treat,Apparel,929,1183,1228,787,933,777,940,1072,1211,1011,941,1228,12240,50,612000
ITM_662,All Every,Electronics,253,233,219,249,234,243,250,226,227,238,234,225,2831,50,141550
ITM_663,Others Boy,Toys,193,170,184,167,169,173,192,191,166,166,143,190,2104,2,4208
ITM_664,Play Present,Grocery,1964,1801,1628,1897,1624,1772,1901,1644,1952,2320,1650,1794,21947,10,219470
ITM_665,Sell Such,Electronics,195,237,212,221,239,208,222,205,214,186,227,222,2588,100,258800
ITM_666,Require Operation,Home & Kitchen,269,290,280,313,309,337,306,321,303,294,303,289,3614,2,7228
ITM_667,Drug Director,Electronics,95,93,89,103,105,92,104,97,102,98,109,121,1208,50,60400
ITM_668,Threat Until,Electronics,505,470,455,458,491,441,482,471,494,500,495,510,5772,10,57720
ITM_669,Court Author,Grocery,3272,3061,3124,3100,3302,2621,2885,2821,3611,3285,3213,3235,37530,2,75060
ITM_670,Discuss Relationship,Grocery,1006,1247,1287,1035,1030,1083,1237,792,1027,888,1240,1162,13034,2,26068
ITM_671,Attack Politics,Toys,330,295,260,283,295,274,337,298,301,333,339,307,3652,10,36520
ITM_672,Clear Stand,Electronics,251,187,206,209,204,210,214,206,209,201,184,208,2489,2,4978
ITM_673,Others Find,Grocery,1440,1560,1279,1192,1123,1377,1545,1613,1290,1176,1409,1100,16104,2,32208
ITM_674,Recognize Assume,Grocery,2143,2234,2305,2260,1970,2088,2391,1775,2271,2304,1885,1871,25497,50,1274850
ITM_675,Like So,Grocery,4116,3864,4239,4127,4301,3796,4181,3857,3949,4012,3965,4230,48637,2,97274
ITM_676,Home Perhaps,Grocery,2724,2645,2613,2616,2486,2453,2549,2546,2536,2700,2866,2240,30974,10,309740
ITM_677,There Care,Apparel,322,8,205,199,406,512,341,498,26,108,9,449,3083,100,308300
ITM_678,While Level,Grocery,3743,4072,4050,3644,4049,3562,4092,3442,4094,4033,3930,3815,46526,10,465260
ITM_679,Determine Central,Grocery,1489,1336,1704,1247,1013,1662,1343,1206,1173,1211,1177,1929,16490,2,32980
ITM_680,Everything On,Electronics,462,410,423,418,441,436,424,461,436,478,467,434,5290,10,52900
ITM_681,Subject Job,Home & Kitchen,198,192,194,203,190,215,197,202,197,186,192,190,2356,100,235600
ITM_682,History Become,Electronics,352,368,377,362,352,380,370,367,371,344,314,393,4350,100,435000
ITM_683,Machine Approach,Electronics,316,288,273,312,318,323,306,317,306,312,311,312,3694,2,7388
ITM_684,Think For,Apparel,97,212,103,140,131,57,206,258,44,58,428,76,1810,2,3620
ITM_685,Design Central,Electronics,106,116,100,117,114,114,92,94,116,112,91,91,1263,10,12630
ITM_686,Society Set,Grocery,3905,3546,3933,3812,3313,3374,3467,3827,3184,3616,3688,3640,43305,10,433050
ITM_687,Indicate Common,Home & Kitchen,76,107,107,84,93,96,95,86,102,99,87,100,1132,2,2264
ITM_688,Instead Draw,Apparel,344,424,406,767,543,913,331,457,485,925,558,719,6872,2,13744
ITM_689,Address Effect,Grocery,1137,1382,588,934,1171,1325,1404,1439,1052,951,859,845,13087,500,6543500
ITM_690,Final Close,Electronics,344,332,338,342,348,356,368,333,331,356,352,359,4159,2,8318
ITM_691,Follow Discover,Apparel,496,366,372,525,145,491,509,334,559,235,469,290,4791,2,9582
ITM_692,Heavy Ask,Toys,270,236,279,260,258,279,215,271,275,277,294,269,3183,10,31830
ITM_693,Prove Share,Apparel,706,873,880,631,936,811,651,1033,763,1016,777,718,9795,2,19590
ITM_694,Republican Individual,Grocery,4176,3853,4488,4318,4238,4568,4291,4630,4356,4459,4314,4721,52412,10,524120
ITM_695,Risk Whether,Electronics,384,384,423,390,393,400,400,411,414,408,421,398,4826,2,9652
ITM_696,Wonder Yard,Home & Kitchen,108,88,114,123,99,99,98,102,102,109,109,115,1266,2,2532
ITM_697,Quality Good,Toys,56,75,55,48,57,56,66,43,58,51,56,67,688,50,34400
ITM_698,Cultural Try,Toys,399,407,460,413,441,450,443,395,442,431,425,427,5133,10,51330
ITM_699,Recent Science,Grocery,3267,3272,3474,3649,3448,3535,3669,3448,3442,3210,3516,3174,41104,2,82208
ITM_700,Education Fine,Grocery,1860,2057,1611,1741,2037,1703,1887,1486,1713,1536,1965,1800,21396,10,213960
ITM_701,Real Coach,Home & Kitchen,338,313,297,333,321,324,333,311,304,331,327,332,3864,50,193200
ITM_702,Hotel Decade,Apparel,1074,774,1138,860,897,755,752,996,1025,1170,1013,1093,11547,10,115470
ITM_703,Although Kind,Grocery,4228,3657,4230,4003,4245,4233,3979,4038,3905,3818,4107,4172,48615,10,486150
ITM_704,Go Need,Home & Kitchen,446,455,473,466,476,458,462,467,514,467,499,482,5665,2,11330
ITM_705,Mind Within,Grocery,4579,4614,4760,4843,5027,5028,4825,4963,4551,4581,5162,4669,57602,50,2880100
ITM_706,Decide Pm,Electronics,353,374,354,403,375,412,380,401,357,344,384,368,4505,2,9010
ITM_707,Top Recognize,Apparel,268,726,655,519,206,777,561,323,486,608,775,425,6329,10,63290
ITM_708,Else Include,Grocery,2041,1780,1624,1767,1715,1331,1778,1567,1556,1605,1635,2075,20474,10,204740
ITM_709,Son Close,Home & Kitchen,176,163,155,158,145,178,153,170,168,175,148,165,1954,100,195400
ITM_710,Recently Candidate,Grocery,4298,4535,4442,4380,4517,4586,4351,4750,4433,4248,4761,4520,53821,2,107642
ITM_711,Leg Often,Electronics,308,326,301,308,308,300,299,329,308,329,298,328,3742,2,7484
ITM_712,Back Smile,Electronics,373,405,402,370,379,403,408,388,394,429,426,412,4789,100,478900
ITM_713,Then Never,Toys,385,364,341,361,367,403,349,368,372,350,348,330,4338,500,2169000
ITM_714,Success Almost,Apparel,558,370,791,791,831,460,767,789,414,291,644,332,7038,10,70380
ITM_715,Fight Show,Grocery,1505,1270,1393,1545,1219,1282,1170,1273,1636,1475,1150,1620,16538,2,33076
ITM_716,Write For,Apparel,839,491,905,427,574,359,363,422,686,711,473,594,6844,10,68440
ITM_717,So Bad,Grocery,4933,4681,4578,4638,4268,4619,4233,4902,4594,4506,4493,4683,55128,2,110256
ITM_718,Though Hundred,Grocery,2274,2411,2587,1957,2528,2009,2357,2161,2353,2523,2581,2170,27911,2,55822
ITM_719,Wonder Two,Grocery,3200,3539,2890,2840,3610,3135,3254,3207,3384,3345,3277,3558,39239,100,3923900
ITM_720,Billion Conference,Apparel,317,488,530,323,754,658,699,825,823,386,706,797,7306,2,14612
ITM_721,Perform Operation,Grocery,2918,3336,3051,2947,3000,3101,3220,2791,3091,2744,3249,2956,36404,500,18202000
ITM_722,Today Control,Toys,369,369,370,358,391,365,334,355,361,341,350,325,4288,2,8576
ITM_723,Open Body,Electronics,203,205,208,211,219,213,202,200,177,203,182,199,2422,100,242200
ITM_724,Threat Local,Electronics,66,59,54,59,62,70,65,49,68,54,58,61,725,50,36250
ITM_725,Agent Discuss,Apparel,671,725,942,589,789,840,1022,923,747,578,686,976,9488,10,94880
ITM_726,Six Poor,Apparel,504,502,708,810,540,659,511,622,608,938,434,425,7261,50,363050
ITM_727,Measure Floor,Electronics,141,169,165,166,145,170,156,144,157,163,182,151,1909,10,19090
ITM_728,Run Difference,Grocery,1923,1451,1689,1799,2097,1374,1572,1698,1626,1558,1476,1739,20002,10,200020
ITM_729,World Drop,Apparel,73,489,191,418,449,192,22,17,414,428,305,217,3215,2,6430
ITM_730,Base Such,Apparel,299,672,440,302,346,707,301,398,712,279,650,750,5856,10,58560
ITM_731,Phone Green,Apparel,216,30,175,549,415,107,573,286,477,161,157,145,3291,10,32910
ITM_732,Reason Somebody,Grocery,2724,2685,2671,2704,2799,2603,2907,2573,2863,2311,2939,2692,32471,10,324710
ITM_733,Story Sometimes,Grocery,4611,4183,4662,4294,4259,4336,4287,4764,4623,4087,4195,4360,52661,2,105322
ITM_734,Every Why,Apparel,272,255,104,219,140,83,109,271,39,415,353,336,2596,2,5192
ITM_735,She Mouth,Toys,548,491,502,448,488,486,467,530,489,501,493,514,5957,10,59570
ITM_736,Process Position,Electronics,81,79,88,86,93,89,87,72,67,86,87,80,995,2,1990
ITM_737,Action Actually,Grocery,1677,1263,1196,1534,1639,1506,1669,1745,1884,1781,1295,1732,18921,50,946050
ITM_738,Simple Forward,Grocery,1474,1722,1742,1800,1761,1692,1680,1431,1250,1844,1411,1739,19546,2,39092
ITM_739,Music Room,Apparel,424,439,455,530,703,626,673,627,589,607,810,444,6927,10,69270
ITM_740,Single Scene,Toys,393,288,311,347,323,324,330,322,371,347,315,337,4008,2,8016
ITM_741,Economic Act,Grocery,1043,1431,1292,1223,1531,947,1274,1509,980,1488,1366,1186,15270,50,763500
ITM_742,Miss Develop,Grocery,4253,4531,4150,4269,3721,4391,3954,4204,4204,4478,4342,4282,50779,50,2538950
ITM_743,Performance Hotel,Apparel,522,730,894,1045,1115,1081,553,937,953,871,637,787,10125,2,20250
ITM_744,Make However,Electronics,380,371,365,348,373,343,406,357,333,336,356,349,4317,10,43170
ITM_745,Long Me,Grocery,1988,2222,1693,1719,2289,2354,2162,1857,2119,1918,1801,1866,23988,2,47976
ITM_746,Themselves Especially,Electronics,434,496,490,449,429,430,448,462,448,453,463,431,5433,2,10866
ITM_747,Majority Machine,Grocery,3586,3244,3091,3393,3618,3224,3234,3101,2803,3198,3419,3048,38959,2,77918
ITM_748,End Man,Electronics,384,420,384,415,422,422,410,402,433,417,402,444,4955,2,9910
ITM_749,Seek Nation,Electronics,350,366,367,308,313,339,362,313,359,378,333,362,4150,50,207500
ITM_750,Government Understand,Home & Kitchen,107,93,128,116,137,109,112,105,84,109,104,116,1320,10,13200
ITM_751,Or Western,Apparel,455,772,661,689,309,212,318,584,502,547,331,447,5827,2,11654
ITM_752,Safe Key,Home & Kitchen,288,284,282,297,280,270,261,271,286,247,271,248,3285,1000,3285000
ITM_753,Few Rate,Electronics,400,421,438,407,433,406,440,402,432,388,461,424,5052,2,10104
ITM_754,Yeah North,Electronics,293,314,294,256,257,291,261,288,276,288,269,252,3339,10,33390
ITM_755,You Claim,Electronics,124,122,127,133,142,155,158,134,145,121,132,130,1623,2,3246
ITM_756,Unit Respond,Grocery,1363,1518,1476,1613,1819,1680,1446,1495,1510,1959,1624,1379,18882,100,1888200
ITM_757,Interest The,Home & Kitchen,357,359,377,380,366,373,364,382,381,378,360,353,4430,10,44300
ITM_758,Tonight Factor,Apparel,462,151,556,379,329,511,122,256,171,82,267,273,3559,10,35590
ITM_759,Per West,Grocery,3053,3104,2980,2803,2958,2984,2833,2558,2665,2770,2703,3148,34559,10,345590
ITM_760,She Spring,Grocery,4419,4346,4592,4721,4570,4302,4953,4818,4652,4423,4407,4870,55073,10,550730
ITM_761,Their Old,Apparel,344,756,584,469,414,775,239,517,550,368,658,247,5921,10,59210
ITM_762,Industry Entire,Grocery,3603,3725,3858,3724,3830,3790,3494,3799,3803,3715,3688,3815,44844,2,89688
ITM_763,People Candidate,Toys,242,242,254,224,241,242,226,236,237,241,233,211,2829,50,141450
ITM_764,Film It,Grocery,1945,1957,1737,1830,2206,2162,1995,1835,1968,1687,1831,2059,23212,10,232120
ITM_765,Natural Win,Grocery,3827,3599,3825,3967,3826,3783,3767,3634,3819,3861,4039,4059,46006,10,460060
ITM_766,Including Wind,Grocery,1715,1605,1304,2003,1590,1591,1696,1801,1630,1832,1870,1575,20212,10,202120
ITM_767,Home Enter,Grocery,2969,2918,3232,2950,3043,3374,3633,3125,3373,2632,3345,2646,37240,10,372400
ITM_768,Successful A,Apparel,543,505,500,539,408,627,502,560,684,778,564,545,6755,2,13510
ITM_769,Tree Deal,Apparel,836,508,950,918,368,885,555,628,469,882,898,433,8330,10,83300
ITM_770,Gas Theory,Grocery,3803,3575,3732,3924,3895,3819,3673,3986,3463,3954,3848,4138,45810,2,91620
ITM_771,Modern Former,Toys,436,435,437,452,463,431,441,458,455,430,457,425,5320,2,10640
ITM_772,Cup Middle,Home & Kitchen,419,419,399,426,452,439,426,427,406,422,412,437,5084,2,10168
ITM_773,Security Institution,Toys,482,403,407,404,437,440,409,409,445,445,419,439,5139,10,51390
ITM_774,Green Method,Grocery,4287,4004,4269,4087,3743,4268,4136,3601,3713,4195,4283,3904,48490,10,484900
ITM_775,Serious Strong,Grocery,879,1227,1358,716,978,848,1117,998,1006,1393,970,957,12447,2,24894
ITM_776,Late Human,Grocery,1888,2130,2304,1682,2074,2320,1897,2111,1977,2152,2054,2163,24752,10,247520
ITM_777,Low I,Grocery,2711,2604,2265,2333,2528,2612,2483,2416,2596,2547,2406,2304,29805,50,1490250
ITM_778,Late Here,Grocery,1639,1229,1252,1023,1290,990,1083,810,804,1265,1131,473,12989,500,6494500
ITM_779,Put Quickly,Electronics,205,187,207,212,194,206,196,192,231,204,209,226,2469,50,123450
ITM_780,Design Law,Grocery,2872,2915,2894,2458,2701,2815,2838,2895,3221,2537,2823,2863,33832,2,67664
ITM_781,Spring Contain,Grocery,2692,2867,2511,2751,2699,2443,2755,2562,2777,2729,2930,2547,32263,10,322630
ITM_782,Even Visit,Grocery,3386,3612,3469,3449,3672,3444,3506,3777,3394,3715,3230,3689,42343,2,84686
ITM_783,Key Parent,Home & Kitchen,361,313,316,335,297,322,311,342,316,283,309,352,3857,2,7714
ITM_784,Blue Book,Home & Kitchen,183,209,205,184,182,177,186,190,200,177,206,170,2269,10,22690
ITM_785,History Cup,Home & Kitchen,198,228,200,198,201,204,205,202,205,198,205,208,2452,2,4904
ITM_786,Feeling Become,Home & Kitchen,359,379,345,349,361,369,362,402,320,363,406,377,4392,2,8784
ITM_787,Day Hot,Apparel,454,33,462,532,56,588,185,188,265,176,231,242,3412,2,6824
ITM_788,Enter Eye,Grocery,3330,3629,3290,3127,3448,3253,3210,2986,3276,3415,3213,3094,39271,2,78542
ITM_789,Low Necessary,Electronics,80,88,80,87,81,83,87,96,82,76,81,73,994,2,1988
ITM_790,Nor Party,Grocery,1124,1206,1260,823,1210,1291,1077,1409,1412,1165,1251,1180,14408,10,144080
ITM_791,At Positive,Electronics,166,154,138,155,130,138,153,127,158,136,154,138,1747,50,87350
ITM_792,Can One,Electronics,185,178,190,177,175,187,188,197,192,226,178,186,2259,50,112950
ITM_793,Within Really,Grocery,2461,2268,2107,2332,2453,2229,1880,2102,2062,1962,2017,2356,26229,2,52458
ITM_794,Admit Feeling,Apparel,431,595,786,791,624,730,557,546,713,229,455,228,6685,2,13370
ITM_795,Front Big,Electronics,162,156,177,155,156,151,154,155,145,145,146,141,1843,10,18430
ITM_796,Far Would,Grocery,3646,3665,3868,3825,3769,3742,3841,3704,4023,3872,3789,3813,45557,50,2277850
ITM_797,Admit Art,Grocery,1613,1776,1769,1271,1784,1597,1339,1036,1628,1309,1544,1687,18353,2,36706
ITM_798,Box Up,Grocery,2910,2682,2957,2907,2629,2894,3079,2823,2570,2754,3187,2881,34273,10,342730
ITM_799,Move Music,Home & Kitchen,132,167,141,139,130,146,143,162,152,149,153,121,1735,50,86750
ITM_800,Level Provide,Electronics,226,252,250,236,252,239,254,240,296,273,251,225,2994,2,5988
ITM_801,Law Where,Electronics,98,84,67,88,96,85,88,85,88,88,93,64,1024,2,2048
ITM_802,Strong Often,Grocery,2955,2628,3211,3166,3078,3463,3272,2948,3071,2999,3347,3070,37208,2,74416
ITM_803,Blue Street,Toys,152,152,166,158,179,147,136,157,142,143,151,134,1817,1000,1817000
ITM_804,At Hear,Electronics,494,508,498,498,486,507,463,494,503,487,531,467,5936,10,59360
ITM_805,Evening Table,Apparel,38,95,254,33,108,366,393,2,427,186,99,12,2013,2,4026
ITM_806,Prove Lose,Grocery,4909,4611,4184,4644,4706,4669,4725,4991,4743,4412,4526,4445,55565,50,2778250
ITM_807,Out Fill,Grocery,2816,2518,2340,2677,2946,2602,2634,2590,2550,2576,2850,2514,31613,50,1580650
ITM_808,Subject Protect,Apparel,340,649,553,595,513,724,486,629,722,318,507,705,6741,2,13482
ITM_809,Age North,Apparel,105,367,419,320,166,466,11,77,504,354,387,60,3236,50,161800
ITM_810,Herself General,Grocery,3294,3154,3277,3251,3249,3531,3469,3279,3372,2924,3170,3488,39458,2,78916
ITM_811,Argue Though,Electronics,236,209,211,204,232,224,194,235,236,208,223,240,2652,2,5304
ITM_812,That Skin,Grocery,2416,2424,2539,2297,2168,2268,2054,2361,2350,2476,2322,2361,28036,50,1401800
ITM_813,Party To,Apparel,895,473,609,450,567,963,820,793,695,456,371,849,7941,100,794100
ITM_814,Hot Forget,Grocery,2438,2039,2397,2651,2155,2059,2517,2030,2378,2135,2143,2215,27157,2,54314
ITM_815,Thing Three,Home & Kitchen,108,118,90,86,105,118,101,101,95,108,114,91,1235,2,2470
ITM_816,Court Child,Apparel,734,795,695,990,914,971,892,891,745,1102,1123,1025,10877,10,108770
ITM_817,Former Between,Grocery,4795,5020,5078,4710,4281,4542,4937,4694,4361,5042,4740,4632,56832,100,5683200
ITM_818,Research Party,Electronics,187,197,185,184,176,194,200,153,164,155,171,185,2151,10,21510
ITM_819,West Way,Electronics,464,478,503,471,487,486,508,457,482,467,486,549,5838,50,291900
ITM_820,Together Executive,Apparel,1009,898,793,889,899,843,892,572,1051,984,1044,895,10769,2,21538
ITM_821,Appear Agree,Apparel,707,154,643,387,382,542,513,586,480,130,156,348,5028,10,50280
ITM_822,Politics Financial,Grocery,1681,1901,1943,1401,1758,1483,1850,2016,1645,1803,1776,1501,20758,2,41516
ITM_823,Fast Down,Grocery,1721,2554,2249,2026,1797,1990,1859,2180,2288,2125,2098,1837,24724,10,247240
ITM_824,Both Experience,Grocery,4886,4988,4512,4723,4837,5020,5275,4450,4590,4894,4830,4996,58001,2,116002
ITM_825,True Successful,Electronics,92,79,116,80,68,100,83,73,80,84,93,68,1016,10,10160
ITM_826,Final Just,Electronics,245,261,258,274,234,252,251,268,246,268,273,300,3130,2,6260
ITM_827,Subject Matter,Toys,348,311,345,375,354,287,352,328,347,387,349,339,4122,2,8244
ITM_828,Door Animal,Toys,337,333,337,369,350,345,335,356,351,360,369,365,4207,2,8414
ITM_829,Life Before,Toys,432,426,461,365,454,412,432,414,413,429,443,444,5125,10,51250
ITM_830,Word Radio,Grocery,1383,1472,1255,1453,1185,1338,1387,1672,1249,1368,1363,1560,16685,2,33370
ITM_831,Race Certainly,Apparel,375,392,748,365,252,273,749,571,622,304,518,800,5969,2,11938
ITM_832,None Well,Grocery,4261,4164,3967,4307,4724,4262,3831,4303,4009,4620,4132,3920,50500,10,505000
ITM_833,Effort Good,Toys,210,204,200,203,207,216,209,218,188,224,211,198,2488,100,248800
ITM_834,Research Turn,Grocery,4633,4369,4519,4702,4412,4615,4511,4700,5040,4553,4899,4697,55650,100,5565000
ITM_835,Low Near,Toys,97,90,101,86,118,91,76,91,96,84,97,90,1117,10,11170
ITM_836,Strategy Concern,Grocery,4114,4045,4088,3896,3860,3916,4271,4094,3993,4012,3898,3866,48053,100,4805300
ITM_837,Affect Choose,Grocery,4190,4365,4161,4264,4535,4290,4139,4288,4518,4372,4290,4896,52308,2,104616
ITM_838,Strong Picture,Toys,425,432,419,433,436,450,430,438,431,427,398,409,5128,10,51280
ITM_839,Measure Region,Apparel,283,196,421,65,200,214,309,520,154,603,611,266,3842,2,7684
ITM_840,Group Hit,Apparel,286,689,314,776,863,837,554,298,330,489,521,881,6838,50,341900
ITM_841,American Way,Grocery,4415,4926,4714,4622,4801,4892,4949,4736,4568,4587,4634,4575,56419,2,112838
ITM_842,Development Rest,Grocery,1195,1000,1238,1135,1078,1083,1071,1227,940,826,992,1166,12951,100,1295100
ITM_843,Myself Carry,Apparel,262,297,737,617,571,387,669,294,818,722,615,629,6618,2,13236
ITM_844,People Instead,Toys,233,232,228,222,248,240,239,228,270,225,252,235,2852,2,5704
ITM_845,Might Issue,Grocery,3043,3356,3221,3028,2735,3204,3624,3096,3243,2828,3094,3359,37831,10,378310
ITM_846,Any Best,Electronics,49,57,76,56,75,74,58,59,60,66,74,75,779,10,7790
ITM_847,Store Itself,Electronics,202,179,187,177,202,187,187,201,212,213,169,157,2273,2,4546
ITM_848,Traditional Across,Electronics,367,374,343,357,400,398,376,375,363,405,409,329,4496,10,44960
ITM_849,Each People,Home & Kitchen,264,252,249,258,245,280,220,267,253,230,263,268,3049,2,6098
ITM_850,Opportunity Rock,Grocery,4107,3918,4206,3963,4148,3872,4134,4179,4049,4213,4263,3933,48985,500,24492500
ITM_851,Gun Paper,Home & Kitchen,385,348,358,394,370,381,423,389,422,369,373,367,4579,2,9158
ITM_852,Material Leg,Grocery,4778,4604,4416,3917,4129,4293,4360,4378,4313,4265,4508,4683,52644,500,26322000
ITM_853,Call Condition,Electronics,226,203,188,194,190,212,209,190,193,199,196,203,2403,2,4806
ITM_854,More Upon,Grocery,3585,3427,3256,3438,3482,3601,3360,3419,3082,3485,3306,3692,41133,10,411330
ITM_855,Mother Data,Apparel,66,461,313,393,11,48,126,29,438,351,278,343,2857,10,28570
ITM_856,Policy Trial,Apparel,79,254,453,224,94,182,194,594,235,481,221,104,3115,50,155750
ITM_857,Order Beautiful,Home & Kitchen,366,410,389,389,396,373,355,399,386,354,371,362,4550,2,9100
ITM_858,Could Data,Grocery,2437,2169,2141,1685,2175,2174,2430,2288,1837,2012,2407,2039,25794,2,51588
ITM_859,Practice Direction,Grocery,3365,3849,3310,3453,3451,3678,3305,3181,3605,3007,3505,3457,41166,2,82332
ITM_860,Scene Throughout,Grocery,4680,4711,4931,4643,4997,4534,4905,4817,4647,4832,5072,4747,57516,2,115032
ITM_861,To Yes,Electronics,239,240,254,264,239,257,224,273,262,255,275,262,3044,2,6088
ITM_862,Nothing Role,Grocery,2330,2282,2151,2168,2262,2608,2625,2025,2431,2402,2241,2363,27888,10,278880
ITM_863,Science Point,Electronics,346,335,325,325,346,307,343,300,322,360,331,313,3953,10,39530
ITM_864,Rise Maybe,Grocery,1130,1579,1697,1292,1321,1001,700,1180,1577,1371,1112,1598,15558,2,31116
ITM_865,Physical Change,Grocery,3437,3613,3472,3465,3255,3560,3205,3310,3546,3626,3535,3318,41342,2,82684
ITM_866,Improve Us,Home & Kitchen,124,128,131,144,119,137,116,133,136,122,132,133,1555,2,3110
ITM_867,Economic All,Electronics,212,227,207,203,240,220,207,187,198,213,204,230,2548,100,254800
ITM_868,Number Be,Home & Kitchen,173,226,181,192,195,207,197,212,202,209,188,200,2382,10,23820
ITM_869,Always Far,Grocery,3835,3762,3982,3710,4258,4255,4191,3692,3745,3734,3416,3959,46539,2,93078
ITM_870,Respond Quickly,Apparel,1069,883,954,954,1010,689,1080,528,635,1005,1071,565,10443,50,522150
ITM_871,Final Born,Toys,191,168,188,232,195,194,197,187,184,209,193,198,2336,2,4672
ITM_872,Hand Dream,Apparel,475,479,554,607,275,697,273,425,535,541,591,806,6258,10,62580
ITM_873,Thing Author,Apparel,611,656,686,577,477,382,678,624,530,357,564,603,6745,2,13490
ITM_874,Factor Rest,Apparel,153,87,2,124,184,86,371,29,403,22,127,4,1592,50,79600
ITM_875,Though Notice,Grocery,3051,2504,2796,3004,2329,2478,2478,2749,2812,3198,2671,2730,32800,100,3280000
ITM_876,Inside Paper,Electronics,171,195,180,157,167,187,185,178,198,180,167,171,2136,2,4272
ITM_877,Interest Discover,Grocery,3100,3193,3093,3437,3209,2935,3138,3270,3261,3131,3483,3357,38607,10,386070
ITM_878,Nothing Entire,Grocery,1563,1718,1716,1947,1601,1881,1718,1801,1828,1567,1534,1750,20624,2,41248
ITM_879,Follow Author,Apparel,813,922,1123,1092,1206,674,1054,1165,987,1037,757,1047,11877,10,118770
ITM_880,Traditional Avoid,Grocery,1716,1489,1539,1809,1612,1655,1685,1452,1712,1800,1788,1663,19920,10,199200
ITM_881,So Computer,Apparel,291,672,273,456,567,434,285,287,371,352,447,581,5016,10,50160
ITM_882,Level Share,Grocery,3846,3544,3790,3832,3914,3935,3604,4004,3509,3695,3713,3883,45269,100,4526900
ITM_883,Expect Region,Grocery,3358,3612,3371,3579,3418,3414,3262,3595,3434,3358,3225,3426,41052,2,82104
ITM_884,Sing Room,Grocery,3667,4044,3934,3941,4132,3686,4009,4066,4036,3857,4110,4085,47567,10,475670
ITM_885,Easy Feel,Grocery,2094,1998,1888,1664,1666,1716,1787,1589,1849,1828,1975,1972,22026,2,44052
ITM_886,Forget Term,Home & Kitchen,82,61,62,68,66,65,68,82,69,71,73,52,819,10,8190
ITM_887,Consumer Big,Electronics,61,74,66,73,88,74,82,77,85,98,78,87,943,10,9430
ITM_888,Instead Nearly,Apparel,876,829,833,765,519,553,394,451,378,559,676,336,7169,10,71690
ITM_889,Hundred Sort,Apparel,341,346,325,424,288,355,288,343,113,472,417,478,4190,2,8380
ITM_890,World Education,Grocery,2183,2038,2006,1679,1762,1825,2433,2255,2115,1798,1650,2300,24044,10,240440
ITM_891,Gas Word,Apparel,814,385,432,706,519,337,439,556,372,743,307,386,5996,10,59960
ITM_892,Expert Could,Apparel,404,455,986,605,486,589,961,552,858,709,693,560,7858,2,15716
ITM_893,Hold After,Apparel,835,504,1016,1032,775,695,825,945,778,865,772,743,9785,10,97850
ITM_894,Production Star,Grocery,1727,1662,1694,1488,1082,1332,1546,1106,949,1597,1440,1501,17124,2,34248
ITM_895,Game Tonight,Apparel,1071,997,668,969,851,646,854,541,871,945,939,564,9916,10,99160
ITM_896,School Entire,Grocery,3414,3090,3003,3145,2903,2851,3231,3195,3144,3476,2814,3116,37382,10,373820
ITM_897,Sense Investment,Grocery,2328,2180,2144,1994,1936,2053,2029,1938,2096,2329,1655,2278,24960,2,49920
ITM_898,Pass Financial,Electronics,164,173,186,181,164,157,167,148,177,161,178,200,2056,2,4112
ITM_899,Maybe Election,Toys,460,415,425,449,434,428,409,446,417,448,446,419,5196,2,10392
ITM_900,Daughter Energy,Grocery,2575,2353,2606,2405,2647,2296,2707,2435,2533,2490,2454,2371,29872,10,298720
ITM_901,Full Article,Grocery,3675,4058,3408,3499,3479,3499,3768,3704,3777,3623,3531,3769,43790,50,2189500
ITM_902,Record Eight,Grocery,2805,2181,2398,2265,2324,2134,2632,2127,2140,2279,2368,2367,28020,2,56040
ITM_903,Term Me,Electronics,440,504,485,430,449,500,423,485,443,495,453,413,5520,10,55200
ITM_904,Week Gas,Home & Kitchen,176,157,152,153,150,156,179,155,162,171,155,161,1927,2,3854
ITM_905,Between Start,Electronics,509,456,488,498,519,498,491,481,460,503,478,506,5887,50,294350
ITM_906,Bank Hot,Grocery,2541,2231,2356,2137,2268,2356,2050,1672,2080,2096,2188,2276,26251,500,13125500
ITM_907,Gun Both,Electronics,57,58,49,44,61,48,37,36,47,69,48,60,614,2,1228
ITM_908,Moment Religious,Apparel,959,936,780,1085,1274,1005,713,778,951,1143,1148,799,11571,100,1157100
ITM_909,Body Trial,Grocery,4899,4842,4784,4720,4633,4894,4425,4913,4669,4847,5101,4973,57700,2,115400
ITM_910,Attack Serve,Grocery,3399,3811,3648,3034,3473,3050,3454,3201,3309,3131,3378,3557,40445,10,404450
ITM_911,Animal Morning,Apparel,284,287,307,506,121,581,213,556,2,236,388,254,3735,100,373500
ITM_912,Only Wall,Grocery,2476,2511,2957,2415,2431,2836,2790,2332,2672,3056,2964,2727,32167,2,64334
ITM_913,Front Agency,Home & Kitchen,448,450,451,461,434,439,458,420,454,413,409,466,5303,2,10606
ITM_914,Rest Work,Toys,311,274,289,314,294,329,305,276,301,304,325,293,3615,2,7230
ITM_915,Institution After,Grocery,5061,4806,5180,4663,4409,4463,4708,4615,4294,4906,5002,4731,56838,2,113676
ITM_916,Give Keep,Apparel,630,580,890,864,582,957,788,1090,814,646,603,536,8980,2,17960
ITM_917,Kind Not,Home & Kitchen,193,172,194,193,192,215,203,187,206,219,203,181,2358,10,23580
ITM_918,Family Month,Grocery,2966,2816,2996,3321,3193,3088,2772,3148,2946,2900,3292,2980,36418,100,3641800
ITM_919,Feel Technology,Electronics,155,151,151,152,172,130,170,134,145,158,150,135,1803,2,3606
ITM_920,Affect Data,Grocery,3349,3122,3252,3040,3123,2816,3129,3157,3339,3246,3102,3316,37991,100,3799100
ITM_921,Wide War,Home & Kitchen,174,179,177,207,173,196,197,165,220,187,183,165,2223,100,222300
ITM_922,Word Hope,Grocery,4622,4167,4427,4428,4395,4398,4220,4184,4043,4422,4235,4273,51814,2,103628
ITM_923,Represent Size,Home & Kitchen,225,232,200,212,219,233,216,213,227,217,222,230,2646,10,26460
ITM_924,Course Response,Apparel,354,409,152,581,596,253,224,306,336,278,131,423,4043,10,40430
ITM_925,Ten And,Grocery,4991,4663,5068,4885,5127,4705,5130,5129,5127,4840,4774,5023,59462,1000,59462000
ITM_926,Research True,Home & Kitchen,345,325,351,348,352,331,327,348,318,370,338,372,4125,100,412500
ITM_927,Professional Claim,Electronics,364,357,339,406,362,349,360,346,328,355,341,350,4257,10,42570
ITM_928,Kind Cost,Grocery,3842,4054,3943,3678,4024,3825,4186,3783,4103,3957,4039,4000,47434,50,2371700
ITM_929,Company Civil,Grocery,3263,3035,3070,3233,3167,3300,3043,3285,3502,3012,3362,3651,38923,10,389230
ITM_930,Notice Sometimes,Grocery,3408,3411,3482,3800,3395,3326,3520,3781,3844,3320,3705,3249,42241,2,84482
ITM_931,Account West,Grocery,2486,2801,3056,2539,2565,3226,3046,2852,2991,2882,2687,3206,34337,10,343370
ITM_932,Early Arrive,Apparel,750,811,586,861,888,625,1027,662,461,447,483,497,8098,2,16196
ITM_933,Fly Style,Grocery,3478,3299,3730,3638,3239,3410,3535,3519,3571,3603,3756,3631,42409,2,84818
ITM_934,Sort Book,Electronics,108,96,105,95,112,99,104,106,109,87,112,89,1222,100,122200
ITM_935,Claim Rest,Grocery,2260,2257,2615,2305,2372,2820,2619,2356,1997,2365,2398,2290,28654,10,286540
ITM_936,Brother Worker,Electronics,477,467,476,450,453,483,451,482,437,434,462,471,5543,2,11086
ITM_937,Lawyer Sing,Grocery,2742,2514,2799,2984,2979,3137,2794,2898,2842,2885,2787,2181,33542,10,335420
ITM_938,Compare Pick,Home & Kitchen,134,124,108,106,133,125,119,97,116,109,125,124,1420,10,14200
ITM_939,Admit Forward,Grocery,2276,2439,2471,1948,2398,2404,2354,2371,2302,1640,2180,2173,26956,2,53912
ITM_940,Middle Campaign,Apparel,227,98,579,266,562,599,197,609,454,335,542,201,4669,10,46690
ITM_941,Anyone Option,Grocery,2028,2023,2036,2156,2332,1933,2036,2358,2192,2206,1926,2205,25431,10,254310
ITM_942,Technology Condition,Apparel,378,413,532,48,146,154,325,344,495,240,412,114,3601,2,7202
ITM_943,Letter Often,Electronics,395,451,432,450,450,417,434,440,456,435,451,444,5255,2,10510
ITM_944,Project Up,Apparel,579,444,184,43,452,403,332,398,128,151,455,480,4049,100,404900
ITM_945,Team Experience,Apparel,421,452,748,666,285,584,226,666,556,460,181,477,5722,100,572200
ITM_946,Tonight Attack,Electronics,223,194,225,213,206,207,220,212,212,212,217,233,2574,2,5148
ITM_947,Class Now,Grocery,4776,4573,4617,4590,4420,4659,4707,4610,4644,4319,4591,5009,55515,10,555150
ITM_948,Woman Good,Apparel,678,1155,790,692,1107,868,1123,683,647,1043,750,1069,10605,2,21210
ITM_949,Do Coach,Grocery,3815,3854,3985,3506,3777,3916,3629,3655,4039,3416,3658,3895,45145,10,451450
ITM_950,Maintain Home,Toys,504,493,469,478,466,440,458,458,483,489,487,444,5669,2,11338
ITM_951,Trip Next,Electronics,191,191,193,208,196,179,202,202,206,193,197,221,2379,500,1189500
ITM_952,Yes Try,Apparel,802,1048,1101,1214,924,879,1211,1158,1230,796,873,1088,12324,10,123240
ITM_953,Modern Animal,Apparel,484,486,162,183,410,90,271,22,546,421,397,169,3641,2,7282
ITM_954,Opportunity Thousand,Apparel,227,265,75,378,329,377,11,283,402,183,445,268,3243,50,162150
ITM_955,Improve Officer,Apparel,215,243,158,73,200,366,54,317,212,30,114,349,2331,100,233100
ITM_956,Population Lead,Electronics,489,447,525,436,498,460,468,464,493,468,503,486,5737,2,11474
ITM_957,Charge Office,Home & Kitchen,92,96,93,80,89,102,87,86,94,96,99,92,1106,10,11060
ITM_958,Six Staff,Apparel,345,584,501,96,352,600,190,551,671,471,494,564,5419,10,54190
ITM_959,Field Service,Grocery,4824,4791,4560,4642,4468,4532,4539,4570,4745,4914,4688,4675,55948,2,111896
ITM_960,Shake Manage,Electronics,101,105,89,88,98,78,90,91,93,103,92,76,1104,50,55200
ITM_961,Hair Hospital,Home & Kitchen,220,213,222,207,215,242,220,217,209,213,215,224,2617,10,26170
ITM_962,Scene Fish,Grocery,3610,3346,3254,3142,3792,3388,3602,3464,3374,3412,3754,3214,41352,2,82704
ITM_963,Night Why,Apparel,544,816,639,327,775,492,731,806,309,759,730,355,7283,10,72830
ITM_964,Then Force,Apparel,37,73,329,111,239,77,424,427,108,326,146,99,2396,50,119800
ITM_965,Physical Child,Home & Kitchen,154,129,153,143,161,156,149,147,132,137,167,145,1773,2,3546
ITM_966,Mention Teach,Toys,284,311,311,291,334,323,322,303,338,277,302,349,3745,50,187250
ITM_967,Almost Million,Apparel,899,720,760,469,488,799,540,563,536,979,722,956,8431,2,16862
ITM_968,Star Sense,Electronics,252,238,236,223,232,241,226,238,213,271,248,220,2838,10,28380
ITM_969,Issue Technology,Electronics,442,416,405,438,448,408,418,388,427,422,423,399,5034,2,10068
ITM_970,Guy Year,Grocery,1982,2173,2085,1567,2039,1899,2011,1989,2249,2062,2035,2449,24540,10,245400
ITM_971,Marriage Debate,Grocery,2217,2064,2356,1778,2214,2179,2123,2032,1437,2009,2378,2207,24994,500,12497000
ITM_972,Oil Wear,Electronics,416,406,401,366,424,403,413,391,395,386,389,399,4789,2,9578
ITM_973,Population Figure,Apparel,206,338,92,529,38,88,43,11,494,26,26,495,2386,10,23860
ITM_974,Difference Leg,Electronics,43,64,52,79,60,59,53,61,65,54,63,66,719,10,7190
ITM_975,Court Significant,Apparel,106,8,46,107,476,258,133,145,415,110,358,343,2505,2,5010
ITM_976,Smile Maybe,Electronics,329,345,314,329,351,339,325,327,320,288,328,338,3933,100,393300
ITM_977,Method Open,Grocery,2461,2528,2156,2751,2432,2571,2731,2401,2370,2492,2687,2302,29882,10,298820
ITM_978,Same Matter,Grocery,1862,2000,2023,2120,1942,1777,1857,2208,1604,1888,2222,2245,23748,50,1187400
ITM_979,It Audience,Grocery,2776,2679,2721,2696,2699,2449,2215,2477,2571,2750,2798,2655,31486,2,62972
ITM_980,Stuff When,Home & Kitchen,96,97,104,87,111,110,103,86,98,116,85,96,1189,2,2378
ITM_981,Front Practice,Grocery,1744,1951,1857,1911,2004,1789,1700,1853,1835,1561,1724,1755,21684,10,216840
ITM_982,Authority Instead,Grocery,1296,1125,1384,1153,1223,1110,1401,1464,1404,1230,1340,1202,15332,10,153320
ITM_983,Test Six,Electronics,430,421,436,432,452,439,478,501,454,468,468,513,5492,50,274600
ITM_984,Expert Politics,Grocery,2756,3212,2726,2302,2803,2215,2689,2663,3082,2490,2566,2655,32159,100,3215900
ITM_985,Year Rest,Toys,268,334,315,309,296,269,313,318,310,318,282,284,3616,100,361600
ITM_986,Public By,Apparel,1188,1108,1152,908,1240,714,1129,1153,1191,847,907,1241,12778,500,6389000
ITM_987,Remain End,Grocery,3053,3263,3210,2863,3054,2779,2701,2944,2823,3283,3284,2976,36233,2,72466
ITM_988,Fill Success,Apparel,823,923,1124,970,762,863,960,900,879,731,1068,1001,11004,500,5502000
ITM_989,Common Television,Electronics,144,172,151,181,171,197,165,143,183,183,165,143,1998,2,3996
ITM_990,Light Sport,Grocery,4815,5067,4966,5089,4878,4726,4969,4904,5240,4963,4968,5054,59639,10,596390
ITM_991,Whole Type,Grocery,2039,1691,2094,1754,2032,1829,1702,1485,1907,1839,2024,1962,22358,10,223580
ITM_992,Network Pick,Electronics,265,262,266,230,223,256,240,238,234,264,234,230,2942,10,29420
ITM_993,Catch Contain,Home & Kitchen,68,80,83,90,84,92,81,78,70,85,75,83,969,2,1938
ITM_994,Say Medical,Apparel,786,713,1069,1012,732,1217,987,963,916,798,728,872,10793,500,5396500
ITM_995,Street Others,Grocery,2362,2603,2531,2447,2433,2457,2647,2284,2271,2418,2378,2330,29161,10,291610
ITM_996,No Join,Grocery,4159,4152,3776,4189,4123,4080,4306,4287,3793,3989,4183,4218,49255,2,98510
ITM_997,Adult Meeting,Grocery,3357,3516,3102,3329,3068,3130,3443,3473,3637,3057,3556,3021,39689,50,1984450
ITM_998,Agent Nature,Apparel,69,136,107,306,66,202,269,349,3,307,89,46,1949,2,3898
ITM_999,Follow Believe,Home & Kitchen,322,357,342,361,365,330,329,326,337,351,350,341,4111,50,205550
ITM_1000,Table Actually,Toys,357,378,351,362,330,352,312,337,327,299,336,331,4072,2,8144
